Volume,Split,Alpha,Beta,Gamma,Throughput,Teleports,Max_Queue,Avg_Wait_Time
Low,Balanced,0.1,0.1,0.1,400,0,2,1.2
Low,Balanced,0.1,0.1,0.2,400,0,2,1.2
Low,Balanced,0.1,0.1,0.3,400,0,2,1.2
Low,Balanced,0.1,0.1,0.4,400,0,2,1.2
Low,Balanced,0.1,0.1,0.5,400,0,2,1.2
Low,Balanced,0.1,0.1,0.6,400,0,2,1.2
Low,Balanced,0.1,0.1,0.7,400,0,2,1.2
Low,Balanced,0.1,0.1,0.8,400,0,2,1.2
Low,Balanced,0.1,0.1,0.9,400,0,2,1.2
Low,Balanced,0.1,0.2,0.1,400,0,2,1.2
Low,Balanced,0.1,0.2,0.2,400,0,2,1.2
Low,Balanced,0.1,0.2,0.3,400,0,2,1.2
Low,Balanced,0.1,0.2,0.4,400,0,2,1.2
Low,Balanced,0.1,0.2,0.5,400,0,2,1.2
Low,Balanced,0.1,0.2,0.6,400,0,2,1.2
Low,Balanced,0.1,0.2,0.7,400,0,2,1.2
Low,Balanced,0.1,0.2,0.8,400,0,2,1.2
Low,Balanced,0.1,0.2,0.9,400,0,2,1.2
Low,Balanced,0.1,0.3,0.1,400,0,2,1.2
Low,Balanced,0.1,0.3,0.2,400,0,2,1.2
Low,Balanced,0.1,0.3,0.3,400,0,2,1.2
Low,Balanced,0.1,0.3,0.4,400,0,2,1.2
Low,Balanced,0.1,0.3,0.5,400,0,2,1.2
Low,Balanced,0.1,0.3,0.6,400,0,2,1.2
Low,Balanced,0.1,0.3,0.7,400,0,2,1.2
Low,Balanced,0.1,0.3,0.8,400,0,2,1.2
Low,Balanced,0.1,0.3,0.9,400,0,2,1.2
Low,Balanced,0.1,0.4,0.1,400,0,2,1.2
Low,Balanced,0.1,0.4,0.2,400,0,2,1.2
Low,Balanced,0.1,0.4,0.3,400,0,2,1.2
Low,Balanced,0.1,0.4,0.4,400,0,2,1.2
Low,Balanced,0.1,0.4,0.5,400,0,2,1.2
Low,Balanced,0.1,0.4,0.6,400,0,2,1.2
Low,Balanced,0.1,0.4,0.7,400,0,2,1.2
Low,Balanced,0.1,0.4,0.8,400,0,2,1.2
Low,Balanced,0.1,0.4,0.9,400,0,2,1.2
Low,Balanced,0.1,0.5,0.1,400,0,2,1.2
Low,Balanced,0.1,0.5,0.2,400,0,2,1.2
Low,Balanced,0.1,0.5,0.3,400,0,2,1.2
Low,Balanced,0.1,0.5,0.4,400,0,2,1.2
Low,Balanced,0.1,0.5,0.5,400,0,2,1.2
Low,Balanced,0.1,0.5,0.6,400,0,2,1.2
Low,Balanced,0.1,0.5,0.7,400,0,2,1.2
Low,Balanced,0.1,0.5,0.8,400,0,2,1.2
Low,Balanced,0.1,0.5,0.9,400,0,2,1.2
Low,Balanced,0.1,0.6,0.1,400,0,2,1.2
Low,Balanced,0.1,0.6,0.2,400,0,2,1.2
Low,Balanced,0.1,0.6,0.3,400,0,2,1.2
Low,Balanced,0.1,0.6,0.4,400,0,2,1.2
Low,Balanced,0.1,0.6,0.5,400,0,2,1.2
Low,Balanced,0.1,0.6,0.6,400,0,2,1.2
Low,Balanced,0.1,0.6,0.7,400,0,2,1.2
Low,Balanced,0.1,0.6,0.8,400,0,2,1.2
Low,Balanced,0.1,0.6,0.9,400,0,2,1.2
Low,Balanced,0.1,0.7,0.1,400,0,2,1.2
Low,Balanced,0.1,0.7,0.2,400,0,2,1.2
Low,Balanced,0.1,0.7,0.3,400,0,2,1.2
Low,Balanced,0.1,0.7,0.4,400,0,2,1.2
Low,Balanced,0.1,0.7,0.5,400,0,2,1.2
Low,Balanced,0.1,0.7,0.6,400,0,2,1.2
Low,Balanced,0.1,0.7,0.7,400,0,2,1.2
Low,Balanced,0.1,0.7,0.8,400,0,2,1.2
Low,Balanced,0.1,0.7,0.9,400,0,2,1.2
Low,Balanced,0.1,0.8,0.1,400,0,2,1.2
Low,Balanced,0.1,0.8,0.2,400,0,2,1.2
Low,Balanced,0.1,0.8,0.3,400,0,2,1.2
Low,Balanced,0.1,0.8,0.4,400,0,2,1.2
Low,Balanced,0.1,0.8,0.5,400,0,2,1.2
Low,Balanced,0.1,0.8,0.6,400,0,2,1.2
Low,Balanced,0.1,0.8,0.7,400,0,2,1.2
Low,Balanced,0.1,0.8,0.8,400,0,2,1.2
Low,Balanced,0.1,0.8,0.9,400,0,2,1.2
Low,Balanced,0.1,0.9,0.1,400,0,2,1.2
Low,Balanced,0.1,0.9,0.2,400,0,2,1.2
Low,Balanced,0.1,0.9,0.3,400,0,2,1.2
Low,Balanced,0.1,0.9,0.4,400,0,2,1.2
Low,Balanced,0.1,0.9,0.5,400,0,2,1.2
Low,Balanced,0.1,0.9,0.6,400,0,2,1.2
Low,Balanced,0.1,0.9,0.7,400,0,2,1.2
Low,Balanced,0.1,0.9,0.8,400,0,2,1.2
Low,Balanced,0.1,0.9,0.9,400,0,2,1.2
Low,Balanced,0.2,0.1,0.1,400,0,2,1.2
Low,Balanced,0.2,0.1,0.2,400,0,2,1.2
Low,Balanced,0.2,0.1,0.3,400,0,2,1.2
Low,Balanced,0.2,0.1,0.4,400,0,2,1.2
Low,Balanced,0.2,0.1,0.5,400,0,2,1.2
Low,Balanced,0.2,0.1,0.6,400,0,2,1.2
Low,Balanced,0.2,0.1,0.7,400,0,2,1.2
Low,Balanced,0.2,0.1,0.8,400,0,2,1.2
Low,Balanced,0.2,0.1,0.9,400,0,2,1.2
Low,Balanced,0.2,0.2,0.1,400,0,2,1.2
Low,Balanced,0.2,0.2,0.2,400,0,2,1.2
Low,Balanced,0.2,0.2,0.3,400,0,2,1.2
Low,Balanced,0.2,0.2,0.4,400,0,2,1.2
Low,Balanced,0.2,0.2,0.5,400,0,2,1.2
Low,Balanced,0.2,0.2,0.6,400,0,2,1.2
Low,Balanced,0.2,0.2,0.7,400,0,2,1.2
Low,Balanced,0.2,0.2,0.8,400,0,2,1.2
Low,Balanced,0.2,0.2,0.9,400,0,2,1.2
Low,Balanced,0.2,0.3,0.1,400,0,2,1.2
Low,Balanced,0.2,0.3,0.2,400,0,2,1.2
Low,Balanced,0.2,0.3,0.3,400,0,2,1.2
Low,Balanced,0.2,0.3,0.4,400,0,2,1.2
Low,Balanced,0.2,0.3,0.5,400,0,2,1.2
Low,Balanced,0.2,0.3,0.6,400,0,2,1.2
Low,Balanced,0.2,0.3,0.7,400,0,2,1.2
Low,Balanced,0.2,0.3,0.8,400,0,2,1.2
Low,Balanced,0.2,0.3,0.9,400,0,2,1.2
Low,Balanced,0.2,0.4,0.1,400,0,2,1.2
Low,Balanced,0.2,0.4,0.2,400,0,2,1.2
Low,Balanced,0.2,0.4,0.3,400,0,2,1.2
Low,Balanced,0.2,0.4,0.4,400,0,2,1.2
Low,Balanced,0.2,0.4,0.5,400,0,2,1.2
Low,Balanced,0.2,0.4,0.6,400,0,2,1.2
Low,Balanced,0.2,0.4,0.7,400,0,2,1.2
Low,Balanced,0.2,0.4,0.8,400,0,2,1.2
Low,Balanced,0.2,0.4,0.9,400,0,2,1.2
Low,Balanced,0.2,0.5,0.1,400,0,2,1.2
Low,Balanced,0.2,0.5,0.2,400,0,2,1.2
Low,Balanced,0.2,0.5,0.3,400,0,2,1.2
Low,Balanced,0.2,0.5,0.4,400,0,2,1.2
Low,Balanced,0.2,0.5,0.5,400,0,2,1.2
Low,Balanced,0.2,0.5,0.6,400,0,2,1.2
Low,Balanced,0.2,0.5,0.7,400,0,2,1.2
Low,Balanced,0.2,0.5,0.8,400,0,2,1.2
Low,Balanced,0.2,0.5,0.9,400,0,2,1.2
Low,Balanced,0.2,0.6,0.1,400,0,2,1.2
Low,Balanced,0.2,0.6,0.2,400,0,2,1.2
Low,Balanced,0.2,0.6,0.3,400,0,2,1.2
Low,Balanced,0.2,0.6,0.4,400,0,2,1.2
Low,Balanced,0.2,0.6,0.5,400,0,2,1.2
Low,Balanced,0.2,0.6,0.6,400,0,2,1.2
Low,Balanced,0.2,0.6,0.7,400,0,2,1.2
Low,Balanced,0.2,0.6,0.8,400,0,2,1.2
Low,Balanced,0.2,0.6,0.9,400,0,2,1.2
Low,Balanced,0.2,0.7,0.1,400,0,2,1.2
Low,Balanced,0.2,0.7,0.2,400,0,2,1.2
Low,Balanced,0.2,0.7,0.3,400,0,2,1.2
Low,Balanced,0.2,0.7,0.4,400,0,2,1.2
Low,Balanced,0.2,0.7,0.5,400,0,2,1.2
Low,Balanced,0.2,0.7,0.6,400,0,2,1.2
Low,Balanced,0.2,0.7,0.7,400,0,2,1.2
Low,Balanced,0.2,0.7,0.8,400,0,2,1.2
Low,Balanced,0.2,0.7,0.9,400,0,2,1.2
Low,Balanced,0.2,0.8,0.1,400,0,2,1.2
Low,Balanced,0.2,0.8,0.2,400,0,2,1.2
Low,Balanced,0.2,0.8,0.3,400,0,2,1.2
Low,Balanced,0.2,0.8,0.4,400,0,2,1.2
Low,Balanced,0.2,0.8,0.5,400,0,2,1.2
Low,Balanced,0.2,0.8,0.6,400,0,2,1.2
Low,Balanced,0.2,0.8,0.7,400,0,2,1.2
Low,Balanced,0.2,0.8,0.8,400,0,2,1.2
Low,Balanced,0.2,0.8,0.9,400,0,2,1.2
Low,Balanced,0.2,0.9,0.1,400,0,2,1.2
Low,Balanced,0.2,0.9,0.2,400,0,2,1.2
Low,Balanced,0.2,0.9,0.3,400,0,2,1.2
Low,Balanced,0.2,0.9,0.4,400,0,2,1.2
Low,Balanced,0.2,0.9,0.5,400,0,2,1.2
Low,Balanced,0.2,0.9,0.6,400,0,2,1.2
Low,Balanced,0.2,0.9,0.7,400,0,2,1.2
Low,Balanced,0.2,0.9,0.8,400,0,2,1.2
Low,Balanced,0.2,0.9,0.9,400,0,2,1.2
Low,Balanced,0.3,0.1,0.1,400,0,2,1.2
Low,Balanced,0.3,0.1,0.2,400,0,2,1.2
Low,Balanced,0.3,0.1,0.3,400,0,2,1.2
Low,Balanced,0.3,0.1,0.4,400,0,2,1.2
Low,Balanced,0.3,0.1,0.5,400,0,2,1.2
Low,Balanced,0.3,0.1,0.6,400,0,2,1.2
Low,Balanced,0.3,0.1,0.7,400,0,2,1.2
Low,Balanced,0.3,0.1,0.8,400,0,2,1.2
Low,Balanced,0.3,0.1,0.9,400,0,2,1.2
Low,Balanced,0.3,0.2,0.1,400,0,2,1.2
Low,Balanced,0.3,0.2,0.2,400,0,2,1.2
Low,Balanced,0.3,0.2,0.3,400,0,2,1.2
Low,Balanced,0.3,0.2,0.4,400,0,2,1.2
Low,Balanced,0.3,0.2,0.5,400,0,2,1.2
Low,Balanced,0.3,0.2,0.6,400,0,2,1.2
Low,Balanced,0.3,0.2,0.7,400,0,2,1.2
Low,Balanced,0.3,0.2,0.8,400,0,2,1.2
Low,Balanced,0.3,0.2,0.9,400,0,2,1.2
Low,Balanced,0.3,0.3,0.1,400,0,2,1.2
Low,Balanced,0.3,0.3,0.2,400,0,2,1.2
Low,Balanced,0.3,0.3,0.3,400,0,2,1.2
Low,Balanced,0.3,0.3,0.4,400,0,2,1.2
Low,Balanced,0.3,0.3,0.5,400,0,2,1.2
Low,Balanced,0.3,0.3,0.6,400,0,2,1.2
Low,Balanced,0.3,0.3,0.7,400,0,2,1.2
Low,Balanced,0.3,0.3,0.8,400,0,2,1.2
Low,Balanced,0.3,0.3,0.9,400,0,2,1.2
Low,Balanced,0.3,0.4,0.1,400,0,2,1.2
Low,Balanced,0.3,0.4,0.2,400,0,2,1.2
Low,Balanced,0.3,0.4,0.3,400,0,2,1.2
Low,Balanced,0.3,0.4,0.4,400,0,2,1.2
Low,Balanced,0.3,0.4,0.5,400,0,2,1.2
Low,Balanced,0.3,0.4,0.6,400,0,2,1.2
Low,Balanced,0.3,0.4,0.7,400,0,2,1.2
Low,Balanced,0.3,0.4,0.8,400,0,2,1.2
Low,Balanced,0.3,0.4,0.9,400,0,2,1.2
Low,Balanced,0.3,0.5,0.1,400,0,2,1.2
Low,Balanced,0.3,0.5,0.2,400,0,2,1.2
Low,Balanced,0.3,0.5,0.3,400,0,2,1.2
Low,Balanced,0.3,0.5,0.4,400,0,2,1.2
Low,Balanced,0.3,0.5,0.5,400,0,2,1.2
Low,Balanced,0.3,0.5,0.6,400,0,2,1.2
Low,Balanced,0.3,0.5,0.7,400,0,2,1.2
Low,Balanced,0.3,0.5,0.8,400,0,2,1.2
Low,Balanced,0.3,0.5,0.9,400,0,2,1.2
Low,Balanced,0.3,0.6,0.1,400,0,2,1.2
Low,Balanced,0.3,0.6,0.2,400,0,2,1.2
Low,Balanced,0.3,0.6,0.3,400,0,2,1.2
Low,Balanced,0.3,0.6,0.4,400,0,2,1.2
Low,Balanced,0.3,0.6,0.5,400,0,2,1.2
Low,Balanced,0.3,0.6,0.6,400,0,2,1.2
Low,Balanced,0.3,0.6,0.7,400,0,2,1.2
Low,Balanced,0.3,0.6,0.8,400,0,2,1.2
Low,Balanced,0.3,0.6,0.9,400,0,2,1.2
Low,Balanced,0.3,0.7,0.1,400,0,2,1.2
Low,Balanced,0.3,0.7,0.2,400,0,2,1.2
Low,Balanced,0.3,0.7,0.3,400,0,2,1.2
Low,Balanced,0.3,0.7,0.4,400,0,2,1.2
Low,Balanced,0.3,0.7,0.5,400,0,2,1.2
Low,Balanced,0.3,0.7,0.6,400,0,2,1.2
Low,Balanced,0.3,0.7,0.7,400,0,2,1.2
Low,Balanced,0.3,0.7,0.8,400,0,2,1.2
Low,Balanced,0.3,0.7,0.9,400,0,2,1.2
Low,Balanced,0.3,0.8,0.1,400,0,2,1.2
Low,Balanced,0.3,0.8,0.2,400,0,2,1.2
Low,Balanced,0.3,0.8,0.3,400,0,2,1.2
Low,Balanced,0.3,0.8,0.4,400,0,2,1.2
Low,Balanced,0.3,0.8,0.5,400,0,2,1.2
Low,Balanced,0.3,0.8,0.6,400,0,2,1.2
Low,Balanced,0.3,0.8,0.7,400,0,2,1.2
Low,Balanced,0.3,0.8,0.8,400,0,2,1.2
Low,Balanced,0.3,0.8,0.9,400,0,2,1.2
Low,Balanced,0.3,0.9,0.1,400,0,2,1.2
Low,Balanced,0.3,0.9,0.2,400,0,2,1.2
Low,Balanced,0.3,0.9,0.3,400,0,2,1.2
Low,Balanced,0.3,0.9,0.4,400,0,2,1.2
Low,Balanced,0.3,0.9,0.5,400,0,2,1.2
Low,Balanced,0.3,0.9,0.6,400,0,2,1.2
Low,Balanced,0.3,0.9,0.7,400,0,2,1.2
Low,Balanced,0.3,0.9,0.8,400,0,2,1.2
Low,Balanced,0.3,0.9,0.9,400,0,2,1.2
Low,Balanced,0.4,0.1,0.1,400,0,2,1.2
Low,Balanced,0.4,0.1,0.2,400,0,2,1.2
Low,Balanced,0.4,0.1,0.3,400,0,2,1.2
Low,Balanced,0.4,0.1,0.4,400,0,2,1.2
Low,Balanced,0.4,0.1,0.5,400,0,2,1.2
Low,Balanced,0.4,0.1,0.6,400,0,2,1.2
Low,Balanced,0.4,0.1,0.7,400,0,2,1.2
Low,Balanced,0.4,0.1,0.8,400,0,2,1.2
Low,Balanced,0.4,0.1,0.9,400,0,2,1.2
Low,Balanced,0.4,0.2,0.1,400,0,2,1.2
Low,Balanced,0.4,0.2,0.2,400,0,2,1.2
Low,Balanced,0.4,0.2,0.3,400,0,2,1.2
Low,Balanced,0.4,0.2,0.4,400,0,2,1.2
Low,Balanced,0.4,0.2,0.5,400,0,2,1.2
Low,Balanced,0.4,0.2,0.6,400,0,2,1.2
Low,Balanced,0.4,0.2,0.7,400,0,2,1.2
Low,Balanced,0.4,0.2,0.8,400,0,2,1.2
Low,Balanced,0.4,0.2,0.9,400,0,2,1.2
Low,Balanced,0.4,0.3,0.1,400,0,2,1.2
Low,Balanced,0.4,0.3,0.2,400,0,2,1.2
Low,Balanced,0.4,0.3,0.3,400,0,2,1.2
Low,Balanced,0.4,0.3,0.4,400,0,2,1.2
Low,Balanced,0.4,0.3,0.5,400,0,2,1.2
Low,Balanced,0.4,0.3,0.6,400,0,2,1.2
Low,Balanced,0.4,0.3,0.7,400,0,2,1.2
Low,Balanced,0.4,0.3,0.8,400,0,2,1.2
Low,Balanced,0.4,0.3,0.9,400,0,2,1.2
Low,Balanced,0.4,0.4,0.1,400,0,2,1.2
Low,Balanced,0.4,0.4,0.2,400,0,2,1.2
Low,Balanced,0.4,0.4,0.3,400,0,2,1.2
Low,Balanced,0.4,0.4,0.4,400,0,2,1.2
Low,Balanced,0.4,0.4,0.5,400,0,2,1.2
Low,Balanced,0.4,0.4,0.6,400,0,2,1.2
Low,Balanced,0.4,0.4,0.7,400,0,2,1.2
Low,Balanced,0.4,0.4,0.8,400,0,2,1.2
Low,Balanced,0.4,0.4,0.9,400,0,2,1.2
Low,Balanced,0.4,0.5,0.1,400,0,2,1.2
Low,Balanced,0.4,0.5,0.2,400,0,2,1.2
Low,Balanced,0.4,0.5,0.3,400,0,2,1.2
Low,Balanced,0.4,0.5,0.4,400,0,2,1.2
Low,Balanced,0.4,0.5,0.5,400,0,2,1.2
Low,Balanced,0.4,0.5,0.6,400,0,2,1.2
Low,Balanced,0.4,0.5,0.7,400,0,2,1.2
Low,Balanced,0.4,0.5,0.8,400,0,2,1.2
Low,Balanced,0.4,0.5,0.9,400,0,2,1.2
Low,Balanced,0.4,0.6,0.1,400,0,2,1.2
Low,Balanced,0.4,0.6,0.2,400,0,2,1.2
Low,Balanced,0.4,0.6,0.3,400,0,2,1.2
Low,Balanced,0.4,0.6,0.4,400,0,2,1.2
Low,Balanced,0.4,0.6,0.5,400,0,2,1.2
Low,Balanced,0.4,0.6,0.6,400,0,2,1.2
Low,Balanced,0.4,0.6,0.7,400,0,2,1.2
Low,Balanced,0.4,0.6,0.8,400,0,2,1.2
Low,Balanced,0.4,0.6,0.9,400,0,2,1.2
Low,Balanced,0.4,0.7,0.1,400,0,2,1.2
Low,Balanced,0.4,0.7,0.2,400,0,2,1.2
Low,Balanced,0.4,0.7,0.3,400,0,2,1.2
Low,Balanced,0.4,0.7,0.4,400,0,2,1.2
Low,Balanced,0.4,0.7,0.5,400,0,2,1.2
Low,Balanced,0.4,0.7,0.6,400,0,2,1.2
Low,Balanced,0.4,0.7,0.7,400,0,2,1.2
Low,Balanced,0.4,0.7,0.8,400,0,2,1.2
Low,Balanced,0.4,0.7,0.9,400,0,2,1.2
Low,Balanced,0.4,0.8,0.1,400,0,2,1.2
Low,Balanced,0.4,0.8,0.2,400,0,2,1.2
Low,Balanced,0.4,0.8,0.3,400,0,2,1.2
Low,Balanced,0.4,0.8,0.4,400,0,2,1.2
Low,Balanced,0.4,0.8,0.5,400,0,2,1.2
Low,Balanced,0.4,0.8,0.6,400,0,2,1.2
Low,Balanced,0.4,0.8,0.7,400,0,2,1.2
Low,Balanced,0.4,0.8,0.8,400,0,2,1.2
Low,Balanced,0.4,0.8,0.9,400,0,2,1.2
Low,Balanced,0.4,0.9,0.1,400,0,2,1.2
Low,Balanced,0.4,0.9,0.2,400,0,2,1.2
Low,Balanced,0.4,0.9,0.3,400,0,2,1.2
Low,Balanced,0.4,0.9,0.4,400,0,2,1.2
Low,Balanced,0.4,0.9,0.5,400,0,2,1.2
Low,Balanced,0.4,0.9,0.6,400,0,2,1.2
Low,Balanced,0.4,0.9,0.7,400,0,2,1.2
Low,Balanced,0.4,0.9,0.8,400,0,2,1.2
Low,Balanced,0.4,0.9,0.9,400,0,2,1.2
Low,Balanced,0.5,0.1,0.1,400,0,2,1.2
Low,Balanced,0.5,0.1,0.2,400,0,2,1.2
Low,Balanced,0.5,0.1,0.3,400,0,2,1.2
Low,Balanced,0.5,0.1,0.4,400,0,2,1.2
Low,Balanced,0.5,0.1,0.5,400,0,2,1.2
Low,Balanced,0.5,0.1,0.6,400,0,2,1.2
Low,Balanced,0.5,0.1,0.7,400,0,2,1.2
Low,Balanced,0.5,0.1,0.8,400,0,2,1.2
Low,Balanced,0.5,0.1,0.9,400,0,2,1.2
Low,Balanced,0.5,0.2,0.1,400,0,2,1.2
Low,Balanced,0.5,0.2,0.2,400,0,2,1.2
Low,Balanced,0.5,0.2,0.3,400,0,2,1.2
Low,Balanced,0.5,0.2,0.4,400,0,2,1.2
Low,Balanced,0.5,0.2,0.5,400,0,2,1.2
Low,Balanced,0.5,0.2,0.6,400,0,2,1.2
Low,Balanced,0.5,0.2,0.7,400,0,2,1.2
Low,Balanced,0.5,0.2,0.8,400,0,2,1.2
Low,Balanced,0.5,0.2,0.9,400,0,2,1.2
Low,Balanced,0.5,0.3,0.1,400,0,2,1.2
Low,Balanced,0.5,0.3,0.2,400,0,2,1.2
Low,Balanced,0.5,0.3,0.3,400,0,2,1.2
Low,Balanced,0.5,0.3,0.4,400,0,2,1.2
Low,Balanced,0.5,0.3,0.5,400,0,2,1.2
Low,Balanced,0.5,0.3,0.6,400,0,2,1.2
Low,Balanced,0.5,0.3,0.7,400,0,2,1.2
Low,Balanced,0.5,0.3,0.8,400,0,2,1.2
Low,Balanced,0.5,0.3,0.9,400,0,2,1.2
Low,Balanced,0.5,0.4,0.1,400,0,2,1.2
Low,Balanced,0.5,0.4,0.2,400,0,2,1.2
Low,Balanced,0.5,0.4,0.3,400,0,2,1.2
Low,Balanced,0.5,0.4,0.4,400,0,2,1.2
Low,Balanced,0.5,0.4,0.5,400,0,2,1.2
Low,Balanced,0.5,0.4,0.6,400,0,2,1.2
Low,Balanced,0.5,0.4,0.7,400,0,2,1.2
Low,Balanced,0.5,0.4,0.8,400,0,2,1.2
Low,Balanced,0.5,0.4,0.9,400,0,2,1.2
Low,Balanced,0.5,0.5,0.1,400,0,2,1.2
Low,Balanced,0.5,0.5,0.2,400,0,2,1.2
Low,Balanced,0.5,0.5,0.3,400,0,2,1.2
Low,Balanced,0.5,0.5,0.4,400,0,2,1.2
Low,Balanced,0.5,0.5,0.5,400,0,2,1.2
Low,Balanced,0.5,0.5,0.6,400,0,2,1.2
Low,Balanced,0.5,0.5,0.7,400,0,2,1.2
Low,Balanced,0.5,0.5,0.8,400,0,2,1.2
Low,Balanced,0.5,0.5,0.9,400,0,2,1.2
Low,Balanced,0.5,0.6,0.1,400,0,2,1.2
Low,Balanced,0.5,0.6,0.2,400,0,2,1.2
Low,Balanced,0.5,0.6,0.3,400,0,2,1.2
Low,Balanced,0.5,0.6,0.4,400,0,2,1.2
Low,Balanced,0.5,0.6,0.5,400,0,2,1.2
Low,Balanced,0.5,0.6,0.6,400,0,2,1.2
Low,Balanced,0.5,0.6,0.7,400,0,2,1.2
Low,Balanced,0.5,0.6,0.8,400,0,2,1.2
Low,Balanced,0.5,0.6,0.9,400,0,2,1.2
Low,Balanced,0.5,0.7,0.1,400,0,2,1.2
Low,Balanced,0.5,0.7,0.2,400,0,2,1.2
Low,Balanced,0.5,0.7,0.3,400,0,2,1.2
Low,Balanced,0.5,0.7,0.4,400,0,2,1.2
Low,Balanced,0.5,0.7,0.5,400,0,2,1.2
Low,Balanced,0.5,0.7,0.6,400,0,2,1.2
Low,Balanced,0.5,0.7,0.7,400,0,2,1.2
Low,Balanced,0.5,0.7,0.8,400,0,2,1.2
Low,Balanced,0.5,0.7,0.9,400,0,2,1.2
Low,Balanced,0.5,0.8,0.1,400,0,2,1.2
Low,Balanced,0.5,0.8,0.2,400,0,2,1.2
Low,Balanced,0.5,0.8,0.3,400,0,2,1.2
Low,Balanced,0.5,0.8,0.4,400,0,2,1.2
Low,Balanced,0.5,0.8,0.5,400,0,2,1.2
Low,Balanced,0.5,0.8,0.6,400,0,2,1.2
Low,Balanced,0.5,0.8,0.7,400,0,2,1.2
Low,Balanced,0.5,0.8,0.8,400,0,2,1.2
Low,Balanced,0.5,0.8,0.9,400,0,2,1.2
Low,Balanced,0.5,0.9,0.1,400,0,2,1.2
Low,Balanced,0.5,0.9,0.2,400,0,2,1.2
Low,Balanced,0.5,0.9,0.3,400,0,2,1.2
Low,Balanced,0.5,0.9,0.4,400,0,2,1.2
Low,Balanced,0.5,0.9,0.5,400,0,2,1.2
Low,Balanced,0.5,0.9,0.6,400,0,2,1.2
Low,Balanced,0.5,0.9,0.7,400,0,2,1.2
Low,Balanced,0.5,0.9,0.8,400,0,2,1.2
Low,Balanced,0.5,0.9,0.9,400,0,2,1.2
Low,Balanced,0.6,0.1,0.1,400,0,2,1.2
Low,Balanced,0.6,0.1,0.2,400,0,2,1.2
Low,Balanced,0.6,0.1,0.3,400,0,2,1.2
Low,Balanced,0.6,0.1,0.4,400,0,2,1.2
Low,Balanced,0.6,0.1,0.5,400,0,2,1.2
Low,Balanced,0.6,0.1,0.6,400,0,2,1.2
Low,Balanced,0.6,0.1,0.7,400,0,2,1.2
Low,Balanced,0.6,0.1,0.8,400,0,2,1.2
Low,Balanced,0.6,0.1,0.9,400,0,2,1.2
Low,Balanced,0.6,0.2,0.1,400,0,2,1.2
Low,Balanced,0.6,0.2,0.2,400,0,2,1.2
Low,Balanced,0.6,0.2,0.3,400,0,2,1.2
Low,Balanced,0.6,0.2,0.4,400,0,2,1.2
Low,Balanced,0.6,0.2,0.5,400,0,2,1.2
Low,Balanced,0.6,0.2,0.6,400,0,2,1.2
Low,Balanced,0.6,0.2,0.7,400,0,2,1.2
Low,Balanced,0.6,0.2,0.8,400,0,2,1.2
Low,Balanced,0.6,0.2,0.9,400,0,2,1.2
Low,Balanced,0.6,0.3,0.1,400,0,2,1.2
Low,Balanced,0.6,0.3,0.2,400,0,2,1.2
Low,Balanced,0.6,0.3,0.3,400,0,2,1.2
Low,Balanced,0.6,0.3,0.4,400,0,2,1.2
Low,Balanced,0.6,0.3,0.5,400,0,2,1.2
Low,Balanced,0.6,0.3,0.6,400,0,2,1.2
Low,Balanced,0.6,0.3,0.7,400,0,2,1.2
Low,Balanced,0.6,0.3,0.8,400,0,2,1.2
Low,Balanced,0.6,0.3,0.9,400,0,2,1.2
Low,Balanced,0.6,0.4,0.1,400,0,2,1.2
Low,Balanced,0.6,0.4,0.2,400,0,2,1.2
Low,Balanced,0.6,0.4,0.3,400,0,2,1.2
Low,Balanced,0.6,0.4,0.4,400,0,2,1.2
Low,Balanced,0.6,0.4,0.5,400,0,2,1.2
Low,Balanced,0.6,0.4,0.6,400,0,2,1.2
Low,Balanced,0.6,0.4,0.7,400,0,2,1.2
Low,Balanced,0.6,0.4,0.8,400,0,2,1.2
Low,Balanced,0.6,0.4,0.9,400,0,2,1.2
Low,Balanced,0.6,0.5,0.1,400,0,2,1.2
Low,Balanced,0.6,0.5,0.2,400,0,2,1.2
Low,Balanced,0.6,0.5,0.3,400,0,2,1.2
Low,Balanced,0.6,0.5,0.4,400,0,2,1.2
Low,Balanced,0.6,0.5,0.5,400,0,2,1.2
Low,Balanced,0.6,0.5,0.6,400,0,2,1.2
Low,Balanced,0.6,0.5,0.7,400,0,2,1.2
Low,Balanced,0.6,0.5,0.8,400,0,2,1.2
Low,Balanced,0.6,0.5,0.9,400,0,2,1.2
Low,Balanced,0.6,0.6,0.1,400,0,2,1.2
Low,Balanced,0.6,0.6,0.2,400,0,2,1.2
Low,Balanced,0.6,0.6,0.3,400,0,2,1.2
Low,Balanced,0.6,0.6,0.4,400,0,2,1.2
Low,Balanced,0.6,0.6,0.5,400,0,2,1.2
Low,Balanced,0.6,0.6,0.6,400,0,2,1.2
Low,Balanced,0.6,0.6,0.7,400,0,2,1.2
Low,Balanced,0.6,0.6,0.8,400,0,2,1.2
Low,Balanced,0.6,0.6,0.9,400,0,2,1.2
Low,Balanced,0.6,0.7,0.1,400,0,2,1.2
Low,Balanced,0.6,0.7,0.2,400,0,2,1.2
Low,Balanced,0.6,0.7,0.3,400,0,2,1.2
Low,Balanced,0.6,0.7,0.4,400,0,2,1.2
Low,Balanced,0.6,0.7,0.5,400,0,2,1.2
Low,Balanced,0.6,0.7,0.6,400,0,2,1.2
Low,Balanced,0.6,0.7,0.7,400,0,2,1.2
Low,Balanced,0.6,0.7,0.8,400,0,2,1.2
Low,Balanced,0.6,0.7,0.9,400,0,2,1.2
Low,Balanced,0.6,0.8,0.1,400,0,2,1.2
Low,Balanced,0.6,0.8,0.2,400,0,2,1.2
Low,Balanced,0.6,0.8,0.3,400,0,2,1.2
Low,Balanced,0.6,0.8,0.4,400,0,2,1.2
Low,Balanced,0.6,0.8,0.5,400,0,2,1.2
Low,Balanced,0.6,0.8,0.6,400,0,2,1.2
Low,Balanced,0.6,0.8,0.7,400,0,2,1.2
Low,Balanced,0.6,0.8,0.8,400,0,2,1.2
Low,Balanced,0.6,0.8,0.9,400,0,2,1.2
Low,Balanced,0.6,0.9,0.1,400,0,2,1.2
Low,Balanced,0.6,0.9,0.2,400,0,2,1.2
Low,Balanced,0.6,0.9,0.3,400,0,2,1.2
Low,Balanced,0.6,0.9,0.4,400,0,2,1.2
Low,Balanced,0.6,0.9,0.5,400,0,2,1.2
Low,Balanced,0.6,0.9,0.6,400,0,2,1.2
Low,Balanced,0.6,0.9,0.7,400,0,2,1.2
Low,Balanced,0.6,0.9,0.8,400,0,2,1.2
Low,Balanced,0.6,0.9,0.9,400,0,2,1.2
Low,Balanced,0.7,0.1,0.1,400,0,2,1.2
Low,Balanced,0.7,0.1,0.2,400,0,2,1.2
Low,Balanced,0.7,0.1,0.3,400,0,2,1.2
Low,Balanced,0.7,0.1,0.4,400,0,2,1.2
Low,Balanced,0.7,0.1,0.5,400,0,2,1.2
Low,Balanced,0.7,0.1,0.6,400,0,2,1.2
Low,Balanced,0.7,0.1,0.7,400,0,2,1.2
Low,Balanced,0.7,0.1,0.8,400,0,2,1.2
Low,Balanced,0.7,0.1,0.9,400,0,2,1.2
Low,Balanced,0.7,0.2,0.1,400,0,2,1.2
Low,Balanced,0.7,0.2,0.2,400,0,2,1.2
Low,Balanced,0.7,0.2,0.3,400,0,2,1.2
Low,Balanced,0.7,0.2,0.4,400,0,2,1.2
Low,Balanced,0.7,0.2,0.5,400,0,2,1.2
Low,Balanced,0.7,0.2,0.6,400,0,2,1.2
Low,Balanced,0.7,0.2,0.7,400,0,2,1.2
Low,Balanced,0.7,0.2,0.8,400,0,2,1.2
Low,Balanced,0.7,0.2,0.9,400,0,2,1.2
Low,Balanced,0.7,0.3,0.1,400,0,2,1.2
Low,Balanced,0.7,0.3,0.2,400,0,2,1.2
Low,Balanced,0.7,0.3,0.3,400,0,2,1.2
Low,Balanced,0.7,0.3,0.4,400,0,2,1.2
Low,Balanced,0.7,0.3,0.5,400,0,2,1.2
Low,Balanced,0.7,0.3,0.6,400,0,2,1.2
Low,Balanced,0.7,0.3,0.7,400,0,2,1.2
Low,Balanced,0.7,0.3,0.8,400,0,2,1.2
Low,Balanced,0.7,0.3,0.9,400,0,2,1.2
Low,Balanced,0.7,0.4,0.1,400,0,2,1.2
Low,Balanced,0.7,0.4,0.2,400,0,2,1.2
Low,Balanced,0.7,0.4,0.3,400,0,2,1.2
Low,Balanced,0.7,0.4,0.4,400,0,2,1.2
Low,Balanced,0.7,0.4,0.5,400,0,2,1.2
Low,Balanced,0.7,0.4,0.6,400,0,2,1.2
Low,Balanced,0.7,0.4,0.7,400,0,2,1.2
Low,Balanced,0.7,0.4,0.8,400,0,2,1.2
Low,Balanced,0.7,0.4,0.9,400,0,2,1.2
Low,Balanced,0.7,0.5,0.1,400,0,2,1.2
Low,Balanced,0.7,0.5,0.2,400,0,2,1.2
Low,Balanced,0.7,0.5,0.3,400,0,2,1.2
Low,Balanced,0.7,0.5,0.4,400,0,2,1.2
Low,Balanced,0.7,0.5,0.5,400,0,2,1.2
Low,Balanced,0.7,0.5,0.6,400,0,2,1.2
Low,Balanced,0.7,0.5,0.7,400,0,2,1.2
Low,Balanced,0.7,0.5,0.8,400,0,2,1.2
Low,Balanced,0.7,0.5,0.9,400,0,2,1.2
Low,Balanced,0.7,0.6,0.1,400,0,2,1.2
Low,Balanced,0.7,0.6,0.2,400,0,2,1.2
Low,Balanced,0.7,0.6,0.3,400,0,2,1.2
Low,Balanced,0.7,0.6,0.4,400,0,2,1.2
Low,Balanced,0.7,0.6,0.5,400,0,2,1.2
Low,Balanced,0.7,0.6,0.6,400,0,2,1.2
Low,Balanced,0.7,0.6,0.7,400,0,2,1.2
Low,Balanced,0.7,0.6,0.8,400,0,2,1.2
Low,Balanced,0.7,0.6,0.9,400,0,2,1.2
Low,Balanced,0.7,0.7,0.1,400,0,2,1.2
Low,Balanced,0.7,0.7,0.2,400,0,2,1.2
Low,Balanced,0.7,0.7,0.3,400,0,2,1.2
Low,Balanced,0.7,0.7,0.4,400,0,2,1.2
Low,Balanced,0.7,0.7,0.5,400,0,2,1.2
Low,Balanced,0.7,0.7,0.6,400,0,2,1.2
Low,Balanced,0.7,0.7,0.7,400,0,2,1.2
Low,Balanced,0.7,0.7,0.8,400,0,2,1.2
Low,Balanced,0.7,0.7,0.9,400,0,2,1.2
Low,Balanced,0.7,0.8,0.1,400,0,2,1.2
Low,Balanced,0.7,0.8,0.2,400,0,2,1.2
Low,Balanced,0.7,0.8,0.3,400,0,2,1.2
Low,Balanced,0.7,0.8,0.4,400,0,2,1.2
Low,Balanced,0.7,0.8,0.5,400,0,2,1.2
Low,Balanced,0.7,0.8,0.6,400,0,2,1.2
Low,Balanced,0.7,0.8,0.7,400,0,2,1.2
Low,Balanced,0.7,0.8,0.8,400,0,2,1.2
Low,Balanced,0.7,0.8,0.9,400,0,2,1.2
Low,Balanced,0.7,0.9,0.1,400,0,2,1.2
Low,Balanced,0.7,0.9,0.2,400,0,2,1.2
Low,Balanced,0.7,0.9,0.3,400,0,2,1.2
Low,Balanced,0.7,0.9,0.4,400,0,2,1.2
Low,Balanced,0.7,0.9,0.5,400,0,2,1.2
Low,Balanced,0.7,0.9,0.6,400,0,2,1.2
Low,Balanced,0.7,0.9,0.7,400,0,2,1.2
Low,Balanced,0.7,0.9,0.8,400,0,2,1.2
Low,Balanced,0.7,0.9,0.9,400,0,2,1.2
Low,Balanced,0.8,0.1,0.1,400,0,2,1.2
Low,Balanced,0.8,0.1,0.2,400,0,2,1.2
Low,Balanced,0.8,0.1,0.3,400,0,2,1.2
Low,Balanced,0.8,0.1,0.4,400,0,2,1.2
Low,Balanced,0.8,0.1,0.5,400,0,2,1.2
Low,Balanced,0.8,0.1,0.6,400,0,2,1.2
Low,Balanced,0.8,0.1,0.7,400,0,2,1.2
Low,Balanced,0.8,0.1,0.8,400,0,2,1.2
Low,Balanced,0.8,0.1,0.9,400,0,2,1.2
Low,Balanced,0.8,0.2,0.1,400,0,2,1.2
Low,Balanced,0.8,0.2,0.2,400,0,2,1.2
Low,Balanced,0.8,0.2,0.3,400,0,2,1.2
Low,Balanced,0.8,0.2,0.4,400,0,2,1.2
Low,Balanced,0.8,0.2,0.5,400,0,2,1.2
Low,Balanced,0.8,0.2,0.6,400,0,2,1.2
Low,Balanced,0.8,0.2,0.7,400,0,2,1.2
Low,Balanced,0.8,0.2,0.8,400,0,2,1.2
Low,Balanced,0.8,0.2,0.9,400,0,2,1.2
Low,Balanced,0.8,0.3,0.1,400,0,2,1.2
Low,Balanced,0.8,0.3,0.2,400,0,2,1.2
Low,Balanced,0.8,0.3,0.3,400,0,2,1.2
Low,Balanced,0.8,0.3,0.4,400,0,2,1.2
Low,Balanced,0.8,0.3,0.5,400,0,2,1.2
Low,Balanced,0.8,0.3,0.6,400,0,2,1.2
Low,Balanced,0.8,0.3,0.7,400,0,2,1.2
Low,Balanced,0.8,0.3,0.8,400,0,2,1.2
Low,Balanced,0.8,0.3,0.9,400,0,2,1.2
Low,Balanced,0.8,0.4,0.1,400,0,2,1.2
Low,Balanced,0.8,0.4,0.2,400,0,2,1.2
Low,Balanced,0.8,0.4,0.3,400,0,2,1.2
Low,Balanced,0.8,0.4,0.4,400,0,2,1.2
Low,Balanced,0.8,0.4,0.5,400,0,2,1.2
Low,Balanced,0.8,0.4,0.6,400,0,2,1.2
Low,Balanced,0.8,0.4,0.7,400,0,2,1.2
Low,Balanced,0.8,0.4,0.8,400,0,2,1.2
Low,Balanced,0.8,0.4,0.9,400,0,2,1.2
Low,Balanced,0.8,0.5,0.1,400,0,2,1.2
Low,Balanced,0.8,0.5,0.2,400,0,2,1.2
Low,Balanced,0.8,0.5,0.3,400,0,2,1.2
Low,Balanced,0.8,0.5,0.4,400,0,2,1.2
Low,Balanced,0.8,0.5,0.5,400,0,2,1.2
Low,Balanced,0.8,0.5,0.6,400,0,2,1.2
Low,Balanced,0.8,0.5,0.7,400,0,2,1.2
Low,Balanced,0.8,0.5,0.8,400,0,2,1.2
Low,Balanced,0.8,0.5,0.9,400,0,2,1.2
Low,Balanced,0.8,0.6,0.1,400,0,2,1.2
Low,Balanced,0.8,0.6,0.2,400,0,2,1.2
Low,Balanced,0.8,0.6,0.3,400,0,2,1.2
Low,Balanced,0.8,0.6,0.4,400,0,2,1.2
Low,Balanced,0.8,0.6,0.5,400,0,2,1.2
Low,Balanced,0.8,0.6,0.6,400,0,2,1.2
Low,Balanced,0.8,0.6,0.7,400,0,2,1.2
Low,Balanced,0.8,0.6,0.8,400,0,2,1.2
Low,Balanced,0.8,0.6,0.9,400,0,2,1.2
Low,Balanced,0.8,0.7,0.1,400,0,2,1.2
Low,Balanced,0.8,0.7,0.2,400,0,2,1.2
Low,Balanced,0.8,0.7,0.3,400,0,2,1.2
Low,Balanced,0.8,0.7,0.4,400,0,2,1.2
Low,Balanced,0.8,0.7,0.5,400,0,2,1.2
Low,Balanced,0.8,0.7,0.6,400,0,2,1.2
Low,Balanced,0.8,0.7,0.7,400,0,2,1.2
Low,Balanced,0.8,0.7,0.8,400,0,2,1.2
Low,Balanced,0.8,0.7,0.9,400,0,2,1.2
Low,Balanced,0.8,0.8,0.1,400,0,2,1.2
Low,Balanced,0.8,0.8,0.2,400,0,2,1.2
Low,Balanced,0.8,0.8,0.3,400,0,2,1.2
Low,Balanced,0.8,0.8,0.4,400,0,2,1.2
Low,Balanced,0.8,0.8,0.5,400,0,2,1.2
Low,Balanced,0.8,0.8,0.6,400,0,2,1.2
Low,Balanced,0.8,0.8,0.7,400,0,2,1.2
Low,Balanced,0.8,0.8,0.8,400,0,2,1.2
Low,Balanced,0.8,0.8,0.9,400,0,2,1.2
Low,Balanced,0.8,0.9,0.1,400,0,2,1.2
Low,Balanced,0.8,0.9,0.2,400,0,2,1.2
Low,Balanced,0.8,0.9,0.3,400,0,2,1.2
Low,Balanced,0.8,0.9,0.4,400,0,2,1.2
Low,Balanced,0.8,0.9,0.5,400,0,2,1.2
Low,Balanced,0.8,0.9,0.6,400,0,2,1.2
Low,Balanced,0.8,0.9,0.7,400,0,2,1.2
Low,Balanced,0.8,0.9,0.8,400,0,2,1.2
Low,Balanced,0.8,0.9,0.9,400,0,2,1.2
Low,Balanced,0.9,0.1,0.1,400,0,2,1.2
Low,Balanced,0.9,0.1,0.2,400,0,2,1.2
Low,Balanced,0.9,0.1,0.3,400,0,2,1.2
Low,Balanced,0.9,0.1,0.4,400,0,2,1.2
Low,Balanced,0.9,0.1,0.5,400,0,2,1.2
Low,Balanced,0.9,0.1,0.6,400,0,2,1.2
Low,Balanced,0.9,0.1,0.7,400,0,2,1.2
Low,Balanced,0.9,0.1,0.8,400,0,2,1.2
Low,Balanced,0.9,0.1,0.9,400,0,2,1.2
Low,Balanced,0.9,0.2,0.1,400,0,2,1.2
Low,Balanced,0.9,0.2,0.2,400,0,2,1.2
Low,Balanced,0.9,0.2,0.3,400,0,2,1.2
Low,Balanced,0.9,0.2,0.4,400,0,2,1.2
Low,Balanced,0.9,0.2,0.5,400,0,2,1.2
Low,Balanced,0.9,0.2,0.6,400,0,2,1.2
Low,Balanced,0.9,0.2,0.7,400,0,2,1.2
Low,Balanced,0.9,0.2,0.8,400,0,2,1.2
Low,Balanced,0.9,0.2,0.9,400,0,2,1.2
Low,Balanced,0.9,0.3,0.1,400,0,2,1.2
Low,Balanced,0.9,0.3,0.2,400,0,2,1.2
Low,Balanced,0.9,0.3,0.3,400,0,2,1.2
Low,Balanced,0.9,0.3,0.4,400,0,2,1.2
Low,Balanced,0.9,0.3,0.5,400,0,2,1.2
Low,Balanced,0.9,0.3,0.6,400,0,2,1.2
Low,Balanced,0.9,0.3,0.7,400,0,2,1.2
Low,Balanced,0.9,0.3,0.8,400,0,2,1.2
Low,Balanced,0.9,0.3,0.9,400,0,2,1.2
Low,Balanced,0.9,0.4,0.1,400,0,2,1.2
Low,Balanced,0.9,0.4,0.2,400,0,2,1.2
Low,Balanced,0.9,0.4,0.3,400,0,2,1.2
Low,Balanced,0.9,0.4,0.4,400,0,2,1.2
Low,Balanced,0.9,0.4,0.5,400,0,2,1.2
Low,Balanced,0.9,0.4,0.6,400,0,2,1.2
Low,Balanced,0.9,0.4,0.7,400,0,2,1.2
Low,Balanced,0.9,0.4,0.8,400,0,2,1.2
Low,Balanced,0.9,0.4,0.9,400,0,2,1.2
Low,Balanced,0.9,0.5,0.1,400,0,2,1.2
Low,Balanced,0.9,0.5,0.2,400,0,2,1.2
Low,Balanced,0.9,0.5,0.3,400,0,2,1.2
Low,Balanced,0.9,0.5,0.4,400,0,2,1.2
Low,Balanced,0.9,0.5,0.5,400,0,2,1.2
Low,Balanced,0.9,0.5,0.6,400,0,2,1.2
Low,Balanced,0.9,0.5,0.7,400,0,2,1.2
Low,Balanced,0.9,0.5,0.8,400,0,2,1.2
Low,Balanced,0.9,0.5,0.9,400,0,2,1.2
Low,Balanced,0.9,0.6,0.1,400,0,2,1.2
Low,Balanced,0.9,0.6,0.2,400,0,2,1.2
Low,Balanced,0.9,0.6,0.3,400,0,2,1.2
Low,Balanced,0.9,0.6,0.4,400,0,2,1.2
Low,Balanced,0.9,0.6,0.5,400,0,2,1.2
Low,Balanced,0.9,0.6,0.6,400,0,2,1.2
Low,Balanced,0.9,0.6,0.7,400,0,2,1.2
Low,Balanced,0.9,0.6,0.8,400,0,2,1.2
Low,Balanced,0.9,0.6,0.9,400,0,2,1.2
Low,Balanced,0.9,0.7,0.1,400,0,2,1.2
Low,Balanced,0.9,0.7,0.2,400,0,2,1.2
Low,Balanced,0.9,0.7,0.3,400,0,2,1.2
Low,Balanced,0.9,0.7,0.4,400,0,2,1.2
Low,Balanced,0.9,0.7,0.5,400,0,2,1.2
Low,Balanced,0.9,0.7,0.6,400,0,2,1.2
Low,Balanced,0.9,0.7,0.7,400,0,2,1.2
Low,Balanced,0.9,0.7,0.8,400,0,2,1.2
Low,Balanced,0.9,0.7,0.9,400,0,2,1.2
Low,Balanced,0.9,0.8,0.1,400,0,2,1.2
Low,Balanced,0.9,0.8,0.2,400,0,2,1.2
Low,Balanced,0.9,0.8,0.3,400,0,2,1.2
Low,Balanced,0.9,0.8,0.4,400,0,2,1.2
Low,Balanced,0.9,0.8,0.5,400,0,2,1.2
Low,Balanced,0.9,0.8,0.6,400,0,2,1.2
Low,Balanced,0.9,0.8,0.7,400,0,2,1.2
Low,Balanced,0.9,0.8,0.8,400,0,2,1.2
Low,Balanced,0.9,0.8,0.9,400,0,2,1.2
Low,Balanced,0.9,0.9,0.1,400,0,2,1.2
Low,Balanced,0.9,0.9,0.2,400,0,2,1.2
Low,Balanced,0.9,0.9,0.3,400,0,2,1.2
Low,Balanced,0.9,0.9,0.4,400,0,2,1.2
Low,Balanced,0.9,0.9,0.5,400,0,2,1.2
Low,Balanced,0.9,0.9,0.6,400,0,2,1.2
Low,Balanced,0.9,0.9,0.7,400,0,2,1.2
Low,Balanced,0.9,0.9,0.8,400,0,2,1.2
Low,Balanced,0.9,0.9,0.9,400,0,2,1.2
Low,Balanced,1.0,0.0,0.0,400,0,2,1.07
Low,Balanced,0.0,1.0,0.0,400,0,2,1.09
Low,Balanced,0.0,0.0,1.0,400,0,3,7.81
Medium,Balanced,0.1,0.1,0.1,1200,3,4,4.48
Medium,Balanced,0.1,0.1,0.2,1200,3,4,4.48
Medium,Balanced,0.1,0.1,0.3,1200,3,4,4.48
Medium,Balanced,0.1,0.1,0.4,1200,3,4,4.48
Medium,Balanced,0.1,0.1,0.5,1200,3,4,4.48
Medium,Balanced,0.1,0.1,0.6,1200,3,4,4.48
Medium,Balanced,0.1,0.1,0.7,1200,3,4,4.48
Medium,Balanced,0.1,0.1,0.8,1200,3,4,4.48
Medium,Balanced,0.1,0.1,0.9,1200,3,4,4.48
Medium,Balanced,0.1,0.2,0.1,1200,3,4,4.48
Medium,Balanced,0.1,0.2,0.2,1200,3,4,4.48
Medium,Balanced,0.1,0.2,0.3,1200,3,4,4.48
Medium,Balanced,0.1,0.2,0.4,1200,3,4,4.48
Medium,Balanced,0.1,0.2,0.5,1200,3,4,4.48
Medium,Balanced,0.1,0.2,0.6,1200,3,4,4.48
Medium,Balanced,0.1,0.2,0.7,1200,3,4,4.48
Medium,Balanced,0.1,0.2,0.8,1200,3,4,4.48
Medium,Balanced,0.1,0.2,0.9,1200,3,4,4.48
Medium,Balanced,0.1,0.3,0.1,1200,3,4,4.48
Medium,Balanced,0.1,0.3,0.2,1200,3,4,4.48
Medium,Balanced,0.1,0.3,0.3,1200,3,4,4.48
Medium,Balanced,0.1,0.3,0.4,1200,3,4,4.48
Medium,Balanced,0.1,0.3,0.5,1200,3,4,4.48
Medium,Balanced,0.1,0.3,0.6,1200,3,4,4.48
Medium,Balanced,0.1,0.3,0.7,1200,3,4,4.48
Medium,Balanced,0.1,0.3,0.8,1200,3,4,4.48
Medium,Balanced,0.1,0.3,0.9,1200,3,4,4.48
Medium,Balanced,0.1,0.4,0.1,1200,3,4,4.48
Medium,Balanced,0.1,0.4,0.2,1200,3,4,4.48
Medium,Balanced,0.1,0.4,0.3,1200,3,4,4.48
Medium,Balanced,0.1,0.4,0.4,1200,3,4,4.48
Medium,Balanced,0.1,0.4,0.5,1200,3,4,4.48
Medium,Balanced,0.1,0.4,0.6,1200,3,4,4.48
Medium,Balanced,0.1,0.4,0.7,1200,3,4,4.48
Medium,Balanced,0.1,0.4,0.8,1200,3,4,4.48
Medium,Balanced,0.1,0.4,0.9,1200,3,4,4.48
Medium,Balanced,0.1,0.5,0.1,1200,3,4,4.48
Medium,Balanced,0.1,0.5,0.2,1200,3,4,4.48
Medium,Balanced,0.1,0.5,0.3,1200,3,4,4.48
Medium,Balanced,0.1,0.5,0.4,1200,3,4,4.48
Medium,Balanced,0.1,0.5,0.5,1200,3,4,4.48
Medium,Balanced,0.1,0.5,0.6,1200,3,4,4.48
Medium,Balanced,0.1,0.5,0.7,1200,3,4,4.48
Medium,Balanced,0.1,0.5,0.8,1200,3,4,4.48
Medium,Balanced,0.1,0.5,0.9,1200,3,4,4.48
Medium,Balanced,0.1,0.6,0.1,1200,3,4,4.48
Medium,Balanced,0.1,0.6,0.2,1200,3,4,4.48
Medium,Balanced,0.1,0.6,0.3,1200,3,4,4.48
Medium,Balanced,0.1,0.6,0.4,1200,3,4,4.48
Medium,Balanced,0.1,0.6,0.5,1200,3,4,4.48
Medium,Balanced,0.1,0.6,0.6,1200,3,4,4.48
Medium,Balanced,0.1,0.6,0.7,1200,3,4,4.48
Medium,Balanced,0.1,0.6,0.8,1200,3,4,4.48
Medium,Balanced,0.1,0.6,0.9,1200,3,4,4.48
Medium,Balanced,0.1,0.7,0.1,1200,3,4,4.48
Medium,Balanced,0.1,0.7,0.2,1200,3,4,4.48
Medium,Balanced,0.1,0.7,0.3,1200,3,4,4.48
Medium,Balanced,0.1,0.7,0.4,1200,3,4,4.48
Medium,Balanced,0.1,0.7,0.5,1200,3,4,4.48
Medium,Balanced,0.1,0.7,0.6,1200,3,4,4.48
Medium,Balanced,0.1,0.7,0.7,1200,3,4,4.48
Medium,Balanced,0.1,0.7,0.8,1200,3,4,4.48
Medium,Balanced,0.1,0.7,0.9,1200,3,4,4.48
Medium,Balanced,0.1,0.8,0.1,1200,3,4,4.48
Medium,Balanced,0.1,0.8,0.2,1200,3,4,4.48
Medium,Balanced,0.1,0.8,0.3,1200,3,4,4.48
Medium,Balanced,0.1,0.8,0.4,1200,3,4,4.48
Medium,Balanced,0.1,0.8,0.5,1200,3,4,4.48
Medium,Balanced,0.1,0.8,0.6,1200,3,4,4.48
Medium,Balanced,0.1,0.8,0.7,1200,3,4,4.48
Medium,Balanced,0.1,0.8,0.8,1200,3,4,4.48
Medium,Balanced,0.1,0.8,0.9,1200,3,4,4.48
Medium,Balanced,0.1,0.9,0.1,1200,3,4,4.48
Medium,Balanced,0.1,0.9,0.2,1200,3,4,4.48
Medium,Balanced,0.1,0.9,0.3,1200,3,4,4.48
Medium,Balanced,0.1,0.9,0.4,1200,3,4,4.48
Medium,Balanced,0.1,0.9,0.5,1200,3,4,4.48
Medium,Balanced,0.1,0.9,0.6,1200,3,4,4.48
Medium,Balanced,0.1,0.9,0.7,1200,3,4,4.48
Medium,Balanced,0.1,0.9,0.8,1200,3,4,4.48
Medium,Balanced,0.1,0.9,0.9,1200,3,4,4.48
Medium,Balanced,0.2,0.1,0.1,1200,3,4,4.48
Medium,Balanced,0.2,0.1,0.2,1200,3,4,4.48
Medium,Balanced,0.2,0.1,0.3,1200,3,4,4.48
Medium,Balanced,0.2,0.1,0.4,1200,3,4,4.48
Medium,Balanced,0.2,0.1,0.5,1200,3,4,4.48
Medium,Balanced,0.2,0.1,0.6,1200,3,4,4.48
Medium,Balanced,0.2,0.1,0.7,1200,3,4,4.48
Medium,Balanced,0.2,0.1,0.8,1200,3,4,4.48
Medium,Balanced,0.2,0.1,0.9,1200,3,4,4.48
Medium,Balanced,0.2,0.2,0.1,1200,3,4,4.48
Medium,Balanced,0.2,0.2,0.2,1200,3,4,4.48
Medium,Balanced,0.2,0.2,0.3,1200,3,4,4.48
Medium,Balanced,0.2,0.2,0.4,1200,3,4,4.48
Medium,Balanced,0.2,0.2,0.5,1200,3,4,4.48
Medium,Balanced,0.2,0.2,0.6,1200,3,4,4.48
Medium,Balanced,0.2,0.2,0.7,1200,3,4,4.48
Medium,Balanced,0.2,0.2,0.8,1200,3,4,4.48
Medium,Balanced,0.2,0.2,0.9,1200,3,4,4.48
Medium,Balanced,0.2,0.3,0.1,1200,3,4,4.48
Medium,Balanced,0.2,0.3,0.2,1200,3,4,4.48
Medium,Balanced,0.2,0.3,0.3,1200,3,4,4.48
Medium,Balanced,0.2,0.3,0.4,1200,3,4,4.48
Medium,Balanced,0.2,0.3,0.5,1200,3,4,4.48
Medium,Balanced,0.2,0.3,0.6,1200,3,4,4.48
Medium,Balanced,0.2,0.3,0.7,1200,3,4,4.48
Medium,Balanced,0.2,0.3,0.8,1200,3,4,4.48
Medium,Balanced,0.2,0.3,0.9,1200,3,4,4.48
Medium,Balanced,0.2,0.4,0.1,1200,3,4,4.48
Medium,Balanced,0.2,0.4,0.2,1200,3,4,4.48
Medium,Balanced,0.2,0.4,0.3,1200,3,4,4.48
Medium,Balanced,0.2,0.4,0.4,1200,3,4,4.48
Medium,Balanced,0.2,0.4,0.5,1200,3,4,4.48
Medium,Balanced,0.2,0.4,0.6,1200,3,4,4.48
Medium,Balanced,0.2,0.4,0.7,1200,3,4,4.48
Medium,Balanced,0.2,0.4,0.8,1200,3,4,4.48
Medium,Balanced,0.2,0.4,0.9,1200,3,4,4.48
Medium,Balanced,0.2,0.5,0.1,1200,3,4,4.48
Medium,Balanced,0.2,0.5,0.2,1200,3,4,4.48
Medium,Balanced,0.2,0.5,0.3,1200,3,4,4.48
Medium,Balanced,0.2,0.5,0.4,1200,3,4,4.48
Medium,Balanced,0.2,0.5,0.5,1200,3,4,4.48
Medium,Balanced,0.2,0.5,0.6,1200,3,4,4.48
Medium,Balanced,0.2,0.5,0.7,1200,3,4,4.48
Medium,Balanced,0.2,0.5,0.8,1200,3,4,4.48
Medium,Balanced,0.2,0.5,0.9,1200,3,4,4.48
Medium,Balanced,0.2,0.6,0.1,1200,3,4,4.48
Medium,Balanced,0.2,0.6,0.2,1200,3,4,4.48
Medium,Balanced,0.2,0.6,0.3,1200,3,4,4.48
Medium,Balanced,0.2,0.6,0.4,1200,3,4,4.48
Medium,Balanced,0.2,0.6,0.5,1200,3,4,4.48
Medium,Balanced,0.2,0.6,0.6,1200,3,4,4.48
Medium,Balanced,0.2,0.6,0.7,1200,3,4,4.48
Medium,Balanced,0.2,0.6,0.8,1200,3,4,4.48
Medium,Balanced,0.2,0.6,0.9,1200,3,4,4.48
Medium,Balanced,0.2,0.7,0.1,1200,3,4,4.48
Medium,Balanced,0.2,0.7,0.2,1200,3,4,4.48
Medium,Balanced,0.2,0.7,0.3,1200,3,4,4.48
Medium,Balanced,0.2,0.7,0.4,1200,3,4,4.48
Medium,Balanced,0.2,0.7,0.5,1200,3,4,4.48
Medium,Balanced,0.2,0.7,0.6,1200,3,4,4.48
Medium,Balanced,0.2,0.7,0.7,1200,3,4,4.48
Medium,Balanced,0.2,0.7,0.8,1200,3,4,4.48
Medium,Balanced,0.2,0.7,0.9,1200,3,4,4.48
Medium,Balanced,0.2,0.8,0.1,1200,3,4,4.48
Medium,Balanced,0.2,0.8,0.2,1200,3,4,4.48
Medium,Balanced,0.2,0.8,0.3,1200,3,4,4.48
Medium,Balanced,0.2,0.8,0.4,1200,3,4,4.48
Medium,Balanced,0.2,0.8,0.5,1200,3,4,4.48
Medium,Balanced,0.2,0.8,0.6,1200,3,4,4.48
Medium,Balanced,0.2,0.8,0.7,1200,3,4,4.48
Medium,Balanced,0.2,0.8,0.8,1200,3,4,4.48
Medium,Balanced,0.2,0.8,0.9,1200,3,4,4.48
Medium,Balanced,0.2,0.9,0.1,1200,3,4,4.48
Medium,Balanced,0.2,0.9,0.2,1200,3,4,4.48
Medium,Balanced,0.2,0.9,0.3,1200,3,4,4.48
Medium,Balanced,0.2,0.9,0.4,1200,3,4,4.48
Medium,Balanced,0.2,0.9,0.5,1200,3,4,4.48
Medium,Balanced,0.2,0.9,0.6,1200,3,4,4.48
Medium,Balanced,0.2,0.9,0.7,1200,3,4,4.48
Medium,Balanced,0.2,0.9,0.8,1200,3,4,4.48
Medium,Balanced,0.2,0.9,0.9,1200,3,4,4.48
Medium,Balanced,0.3,0.1,0.1,1200,3,4,4.48
Medium,Balanced,0.3,0.1,0.2,1200,3,4,4.48
Medium,Balanced,0.3,0.1,0.3,1200,3,4,4.48
Medium,Balanced,0.3,0.1,0.4,1200,3,4,4.48
Medium,Balanced,0.3,0.1,0.5,1200,3,4,4.48
Medium,Balanced,0.3,0.1,0.6,1200,3,4,4.48
Medium,Balanced,0.3,0.1,0.7,1200,3,4,4.48
Medium,Balanced,0.3,0.1,0.8,1200,3,4,4.48
Medium,Balanced,0.3,0.1,0.9,1200,3,4,4.48
Medium,Balanced,0.3,0.2,0.1,1200,3,4,4.48
Medium,Balanced,0.3,0.2,0.2,1200,3,4,4.48
Medium,Balanced,0.3,0.2,0.3,1200,3,4,4.48
Medium,Balanced,0.3,0.2,0.4,1200,3,4,4.48
Medium,Balanced,0.3,0.2,0.5,1200,3,4,4.48
Medium,Balanced,0.3,0.2,0.6,1200,3,4,4.48
Medium,Balanced,0.3,0.2,0.7,1200,3,4,4.48
Medium,Balanced,0.3,0.2,0.8,1200,3,4,4.48
Medium,Balanced,0.3,0.2,0.9,1200,3,4,4.48
Medium,Balanced,0.3,0.3,0.1,1200,3,4,4.48
Medium,Balanced,0.3,0.3,0.2,1200,3,4,4.48
Medium,Balanced,0.3,0.3,0.3,1200,3,4,4.48
Medium,Balanced,0.3,0.3,0.4,1200,3,4,4.48
Medium,Balanced,0.3,0.3,0.5,1200,3,4,4.48
Medium,Balanced,0.3,0.3,0.6,1200,3,4,4.48
Medium,Balanced,0.3,0.3,0.7,1200,3,4,4.48
Medium,Balanced,0.3,0.3,0.8,1200,3,4,4.48
Medium,Balanced,0.3,0.3,0.9,1200,3,4,4.48
Medium,Balanced,0.3,0.4,0.1,1200,3,4,4.48
Medium,Balanced,0.3,0.4,0.2,1200,3,4,4.48
Medium,Balanced,0.3,0.4,0.3,1200,3,4,4.48
Medium,Balanced,0.3,0.4,0.4,1200,3,4,4.48
Medium,Balanced,0.3,0.4,0.5,1200,3,4,4.48
Medium,Balanced,0.3,0.4,0.6,1200,3,4,4.48
Medium,Balanced,0.3,0.4,0.7,1200,3,4,4.48
Medium,Balanced,0.3,0.4,0.8,1200,3,4,4.48
Medium,Balanced,0.3,0.4,0.9,1200,3,4,4.48
Medium,Balanced,0.3,0.5,0.1,1200,3,4,4.48
Medium,Balanced,0.3,0.5,0.2,1200,3,4,4.48
Medium,Balanced,0.3,0.5,0.3,1200,3,4,4.48
Medium,Balanced,0.3,0.5,0.4,1200,3,4,4.48
Medium,Balanced,0.3,0.5,0.5,1200,3,4,4.48
Medium,Balanced,0.3,0.5,0.6,1200,3,4,4.48
Medium,Balanced,0.3,0.5,0.7,1200,3,4,4.48
Medium,Balanced,0.3,0.5,0.8,1200,3,4,4.48
Medium,Balanced,0.3,0.5,0.9,1200,3,4,4.48
Medium,Balanced,0.3,0.6,0.1,1200,3,4,4.48
Medium,Balanced,0.3,0.6,0.2,1200,3,4,4.48
Medium,Balanced,0.3,0.6,0.3,1200,3,4,4.48
Medium,Balanced,0.3,0.6,0.4,1200,3,4,4.48
Medium,Balanced,0.3,0.6,0.5,1200,3,4,4.48
Medium,Balanced,0.3,0.6,0.6,1200,3,4,4.48
Medium,Balanced,0.3,0.6,0.7,1200,3,4,4.48
Medium,Balanced,0.3,0.6,0.8,1200,3,4,4.48
Medium,Balanced,0.3,0.6,0.9,1200,3,4,4.48
Medium,Balanced,0.3,0.7,0.1,1200,3,4,4.48
Medium,Balanced,0.3,0.7,0.2,1200,3,4,4.48
Medium,Balanced,0.3,0.7,0.3,1200,3,4,4.48
Medium,Balanced,0.3,0.7,0.4,1200,3,4,4.48
Medium,Balanced,0.3,0.7,0.5,1200,3,4,4.48
Medium,Balanced,0.3,0.7,0.6,1200,3,4,4.48
Medium,Balanced,0.3,0.7,0.7,1200,3,4,4.48
Medium,Balanced,0.3,0.7,0.8,1200,3,4,4.48
Medium,Balanced,0.3,0.7,0.9,1200,3,4,4.48
Medium,Balanced,0.3,0.8,0.1,1200,3,4,4.48
Medium,Balanced,0.3,0.8,0.2,1200,3,4,4.48
Medium,Balanced,0.3,0.8,0.3,1200,3,4,4.48
Medium,Balanced,0.3,0.8,0.4,1200,3,4,4.48
Medium,Balanced,0.3,0.8,0.5,1200,3,4,4.48
Medium,Balanced,0.3,0.8,0.6,1200,3,4,4.48
Medium,Balanced,0.3,0.8,0.7,1200,3,4,4.48
Medium,Balanced,0.3,0.8,0.8,1200,3,4,4.48
Medium,Balanced,0.3,0.8,0.9,1200,3,4,4.48
Medium,Balanced,0.3,0.9,0.1,1200,3,4,4.48
Medium,Balanced,0.3,0.9,0.2,1200,3,4,4.48
Medium,Balanced,0.3,0.9,0.3,1200,3,4,4.48
Medium,Balanced,0.3,0.9,0.4,1200,3,4,4.48
Medium,Balanced,0.3,0.9,0.5,1200,3,4,4.48
Medium,Balanced,0.3,0.9,0.6,1200,3,4,4.48
Medium,Balanced,0.3,0.9,0.7,1200,3,4,4.48
Medium,Balanced,0.3,0.9,0.8,1200,3,4,4.48
Medium,Balanced,0.3,0.9,0.9,1200,3,4,4.48
Medium,Balanced,0.4,0.1,0.1,1200,3,4,4.48
Medium,Balanced,0.4,0.1,0.2,1200,3,4,4.48
Medium,Balanced,0.4,0.1,0.3,1200,3,4,4.48
Medium,Balanced,0.4,0.1,0.4,1200,3,4,4.48
Medium,Balanced,0.4,0.1,0.5,1200,3,4,4.48
Medium,Balanced,0.4,0.1,0.6,1200,3,4,4.48
Medium,Balanced,0.4,0.1,0.7,1200,3,4,4.48
Medium,Balanced,0.4,0.1,0.8,1200,3,4,4.48
Medium,Balanced,0.4,0.1,0.9,1200,3,4,4.48
Medium,Balanced,0.4,0.2,0.1,1200,3,4,4.48
Medium,Balanced,0.4,0.2,0.2,1200,3,4,4.48
Medium,Balanced,0.4,0.2,0.3,1200,3,4,4.48
Medium,Balanced,0.4,0.2,0.4,1200,3,4,4.48
Medium,Balanced,0.4,0.2,0.5,1200,3,4,4.48
Medium,Balanced,0.4,0.2,0.6,1200,3,4,4.48
Medium,Balanced,0.4,0.2,0.7,1200,3,4,4.48
Medium,Balanced,0.4,0.2,0.8,1200,3,4,4.48
Medium,Balanced,0.4,0.2,0.9,1200,3,4,4.48
Medium,Balanced,0.4,0.3,0.1,1200,3,4,4.48
Medium,Balanced,0.4,0.3,0.2,1200,3,4,4.48
Medium,Balanced,0.4,0.3,0.3,1200,3,4,4.48
Medium,Balanced,0.4,0.3,0.4,1200,3,4,4.48
Medium,Balanced,0.4,0.3,0.5,1200,3,4,4.48
Medium,Balanced,0.4,0.3,0.6,1200,3,4,4.48
Medium,Balanced,0.4,0.3,0.7,1200,3,4,4.48
Medium,Balanced,0.4,0.3,0.8,1200,3,4,4.48
Medium,Balanced,0.4,0.3,0.9,1200,3,4,4.48
Medium,Balanced,0.4,0.4,0.1,1200,3,4,4.48
Medium,Balanced,0.4,0.4,0.2,1200,3,4,4.48
Medium,Balanced,0.4,0.4,0.3,1200,3,4,4.48
Medium,Balanced,0.4,0.4,0.4,1200,3,4,4.48
Medium,Balanced,0.4,0.4,0.5,1200,3,4,4.48
Medium,Balanced,0.4,0.4,0.6,1200,3,4,4.48
Medium,Balanced,0.4,0.4,0.7,1200,3,4,4.48
Medium,Balanced,0.4,0.4,0.8,1200,3,4,4.48
Medium,Balanced,0.4,0.4,0.9,1200,3,4,4.48
Medium,Balanced,0.4,0.5,0.1,1200,3,4,4.48
Medium,Balanced,0.4,0.5,0.2,1200,3,4,4.48
Medium,Balanced,0.4,0.5,0.3,1200,3,4,4.48
Medium,Balanced,0.4,0.5,0.4,1200,3,4,4.48
Medium,Balanced,0.4,0.5,0.5,1200,3,4,4.48
Medium,Balanced,0.4,0.5,0.6,1200,3,4,4.48
Medium,Balanced,0.4,0.5,0.7,1200,3,4,4.48
Medium,Balanced,0.4,0.5,0.8,1200,3,4,4.48
Medium,Balanced,0.4,0.5,0.9,1200,3,4,4.48
Medium,Balanced,0.4,0.6,0.1,1200,3,4,4.48
Medium,Balanced,0.4,0.6,0.2,1200,3,4,4.48
Medium,Balanced,0.4,0.6,0.3,1200,3,4,4.48
Medium,Balanced,0.4,0.6,0.4,1200,3,4,4.48
Medium,Balanced,0.4,0.6,0.5,1200,3,4,4.48
Medium,Balanced,0.4,0.6,0.6,1200,3,4,4.48
Medium,Balanced,0.4,0.6,0.7,1200,3,4,4.48
Medium,Balanced,0.4,0.6,0.8,1200,3,4,4.48
Medium,Balanced,0.4,0.6,0.9,1200,3,4,4.48
Medium,Balanced,0.4,0.7,0.1,1200,3,4,4.48
Medium,Balanced,0.4,0.7,0.2,1200,3,4,4.48
Medium,Balanced,0.4,0.7,0.3,1200,3,4,4.48
Medium,Balanced,0.4,0.7,0.4,1200,3,4,4.48
Medium,Balanced,0.4,0.7,0.5,1200,3,4,4.48
Medium,Balanced,0.4,0.7,0.6,1200,3,4,4.48
Medium,Balanced,0.4,0.7,0.7,1200,3,4,4.48
Medium,Balanced,0.4,0.7,0.8,1200,3,4,4.48
Medium,Balanced,0.4,0.7,0.9,1200,3,4,4.48
Medium,Balanced,0.4,0.8,0.1,1200,3,4,4.48
Medium,Balanced,0.4,0.8,0.2,1200,3,4,4.48
Medium,Balanced,0.4,0.8,0.3,1200,3,4,4.48
Medium,Balanced,0.4,0.8,0.4,1200,3,4,4.48
Medium,Balanced,0.4,0.8,0.5,1200,3,4,4.48
Medium,Balanced,0.4,0.8,0.6,1200,3,4,4.48
Medium,Balanced,0.4,0.8,0.7,1200,3,4,4.48
Medium,Balanced,0.4,0.8,0.8,1200,3,4,4.48
Medium,Balanced,0.4,0.8,0.9,1200,3,4,4.48
Medium,Balanced,0.4,0.9,0.1,1200,3,4,4.48
Medium,Balanced,0.4,0.9,0.2,1200,3,4,4.48
Medium,Balanced,0.4,0.9,0.3,1200,3,4,4.48
Medium,Balanced,0.4,0.9,0.4,1200,3,4,4.48
Medium,Balanced,0.4,0.9,0.5,1200,3,4,4.48
Medium,Balanced,0.4,0.9,0.6,1200,3,4,4.48
Medium,Balanced,0.4,0.9,0.7,1200,3,4,4.48
Medium,Balanced,0.4,0.9,0.8,1200,3,4,4.48
Medium,Balanced,0.4,0.9,0.9,1200,3,4,4.48
Medium,Balanced,0.5,0.1,0.1,1200,3,4,4.48
Medium,Balanced,0.5,0.1,0.2,1200,3,4,4.48
Medium,Balanced,0.5,0.1,0.3,1200,3,4,4.48
Medium,Balanced,0.5,0.1,0.4,1200,3,4,4.48
Medium,Balanced,0.5,0.1,0.5,1200,3,4,4.48
Medium,Balanced,0.5,0.1,0.6,1200,3,4,4.48
Medium,Balanced,0.5,0.1,0.7,1200,3,4,4.48
Medium,Balanced,0.5,0.1,0.8,1200,3,4,4.48
Medium,Balanced,0.5,0.1,0.9,1200,3,4,4.48
Medium,Balanced,0.5,0.2,0.1,1200,3,4,4.48
Medium,Balanced,0.5,0.2,0.2,1200,3,4,4.48
Medium,Balanced,0.5,0.2,0.3,1200,3,4,4.48
Medium,Balanced,0.5,0.2,0.4,1200,3,4,4.48
Medium,Balanced,0.5,0.2,0.5,1200,3,4,4.48
Medium,Balanced,0.5,0.2,0.6,1200,3,4,4.48
Medium,Balanced,0.5,0.2,0.7,1200,3,4,4.48
Medium,Balanced,0.5,0.2,0.8,1200,3,4,4.48
Medium,Balanced,0.5,0.2,0.9,1200,3,4,4.48
Medium,Balanced,0.5,0.3,0.1,1200,3,4,4.48
Medium,Balanced,0.5,0.3,0.2,1200,3,4,4.48
Medium,Balanced,0.5,0.3,0.3,1200,3,4,4.48
Medium,Balanced,0.5,0.3,0.4,1200,3,4,4.48
Medium,Balanced,0.5,0.3,0.5,1200,3,4,4.48
Medium,Balanced,0.5,0.3,0.6,1200,3,4,4.48
Medium,Balanced,0.5,0.3,0.7,1200,3,4,4.48
Medium,Balanced,0.5,0.3,0.8,1200,3,4,4.48
Medium,Balanced,0.5,0.3,0.9,1200,3,4,4.48
Medium,Balanced,0.5,0.4,0.1,1200,3,4,4.48
Medium,Balanced,0.5,0.4,0.2,1200,3,4,4.48
Medium,Balanced,0.5,0.4,0.3,1200,3,4,4.48
Medium,Balanced,0.5,0.4,0.4,1200,3,4,4.48
Medium,Balanced,0.5,0.4,0.5,1200,3,4,4.48
Medium,Balanced,0.5,0.4,0.6,1200,3,4,4.48
Medium,Balanced,0.5,0.4,0.7,1200,3,4,4.48
Medium,Balanced,0.5,0.4,0.8,1200,3,4,4.48
Medium,Balanced,0.5,0.4,0.9,1200,3,4,4.48
Medium,Balanced,0.5,0.5,0.1,1200,3,4,4.48
Medium,Balanced,0.5,0.5,0.2,1200,3,4,4.48
Medium,Balanced,0.5,0.5,0.3,1200,3,4,4.48
Medium,Balanced,0.5,0.5,0.4,1200,3,4,4.48
Medium,Balanced,0.5,0.5,0.5,1200,3,4,4.48
Medium,Balanced,0.5,0.5,0.6,1200,3,4,4.48
Medium,Balanced,0.5,0.5,0.7,1200,3,4,4.48
Medium,Balanced,0.5,0.5,0.8,1200,3,4,4.48
Medium,Balanced,0.5,0.5,0.9,1200,3,4,4.48
Medium,Balanced,0.5,0.6,0.1,1200,3,4,4.48
Medium,Balanced,0.5,0.6,0.2,1200,3,4,4.48
Medium,Balanced,0.5,0.6,0.3,1200,3,4,4.48
Medium,Balanced,0.5,0.6,0.4,1200,3,4,4.48
Medium,Balanced,0.5,0.6,0.5,1200,3,4,4.48
Medium,Balanced,0.5,0.6,0.6,1200,3,4,4.48
Medium,Balanced,0.5,0.6,0.7,1200,3,4,4.48
Medium,Balanced,0.5,0.6,0.8,1200,3,4,4.48
Medium,Balanced,0.5,0.6,0.9,1200,3,4,4.48
Medium,Balanced,0.5,0.7,0.1,1200,3,4,4.48
Medium,Balanced,0.5,0.7,0.2,1200,3,4,4.48
Medium,Balanced,0.5,0.7,0.3,1200,3,4,4.48
Medium,Balanced,0.5,0.7,0.4,1200,3,4,4.48
Medium,Balanced,0.5,0.7,0.5,1200,3,4,4.48
Medium,Balanced,0.5,0.7,0.6,1200,3,4,4.48
Medium,Balanced,0.5,0.7,0.7,1200,3,4,4.48
Medium,Balanced,0.5,0.7,0.8,1200,3,4,4.48
Medium,Balanced,0.5,0.7,0.9,1200,3,4,4.48
Medium,Balanced,0.5,0.8,0.1,1200,3,4,4.48
Medium,Balanced,0.5,0.8,0.2,1200,3,4,4.48
Medium,Balanced,0.5,0.8,0.3,1200,3,4,4.48
Medium,Balanced,0.5,0.8,0.4,1200,3,4,4.48
Medium,Balanced,0.5,0.8,0.5,1200,3,4,4.48
Medium,Balanced,0.5,0.8,0.6,1200,3,4,4.48
Medium,Balanced,0.5,0.8,0.7,1200,3,4,4.48
Medium,Balanced,0.5,0.8,0.8,1200,3,4,4.48
Medium,Balanced,0.5,0.8,0.9,1200,3,4,4.48
Medium,Balanced,0.5,0.9,0.1,1200,3,4,4.48
Medium,Balanced,0.5,0.9,0.2,1200,3,4,4.48
Medium,Balanced,0.5,0.9,0.3,1200,3,4,4.48
Medium,Balanced,0.5,0.9,0.4,1200,3,4,4.48
Medium,Balanced,0.5,0.9,0.5,1200,3,4,4.48
Medium,Balanced,0.5,0.9,0.6,1200,3,4,4.48
Medium,Balanced,0.5,0.9,0.7,1200,3,4,4.48
Medium,Balanced,0.5,0.9,0.8,1200,3,4,4.48
Medium,Balanced,0.5,0.9,0.9,1200,3,4,4.48
Medium,Balanced,0.6,0.1,0.1,1200,3,4,4.48
Medium,Balanced,0.6,0.1,0.2,1200,3,4,4.48
Medium,Balanced,0.6,0.1,0.3,1200,3,4,4.48
Medium,Balanced,0.6,0.1,0.4,1200,3,4,4.48
Medium,Balanced,0.6,0.1,0.5,1200,3,4,4.48
Medium,Balanced,0.6,0.1,0.6,1200,3,4,4.48
Medium,Balanced,0.6,0.1,0.7,1200,3,4,4.48
Medium,Balanced,0.6,0.1,0.8,1200,3,4,4.48
Medium,Balanced,0.6,0.1,0.9,1200,3,4,4.48
Medium,Balanced,0.6,0.2,0.1,1200,3,4,4.48
Medium,Balanced,0.6,0.2,0.2,1200,3,4,4.48
Medium,Balanced,0.6,0.2,0.3,1200,3,4,4.48
Medium,Balanced,0.6,0.2,0.4,1200,3,4,4.48
Medium,Balanced,0.6,0.2,0.5,1200,3,4,4.48
Medium,Balanced,0.6,0.2,0.6,1200,3,4,4.48
Medium,Balanced,0.6,0.2,0.7,1200,3,4,4.48
Medium,Balanced,0.6,0.2,0.8,1200,3,4,4.48
Medium,Balanced,0.6,0.2,0.9,1200,3,4,4.48
Medium,Balanced,0.6,0.3,0.1,1200,3,4,4.48
Medium,Balanced,0.6,0.3,0.2,1200,3,4,4.48
Medium,Balanced,0.6,0.3,0.3,1200,3,4,4.48
Medium,Balanced,0.6,0.3,0.4,1200,3,4,4.48
Medium,Balanced,0.6,0.3,0.5,1200,3,4,4.48
Medium,Balanced,0.6,0.3,0.6,1200,3,4,4.48
Medium,Balanced,0.6,0.3,0.7,1200,3,4,4.48
Medium,Balanced,0.6,0.3,0.8,1200,3,4,4.48
Medium,Balanced,0.6,0.3,0.9,1200,3,4,4.48
Medium,Balanced,0.6,0.4,0.1,1200,3,4,4.48
Medium,Balanced,0.6,0.4,0.2,1200,3,4,4.48
Medium,Balanced,0.6,0.4,0.3,1200,3,4,4.48
Medium,Balanced,0.6,0.4,0.4,1200,3,4,4.48
Medium,Balanced,0.6,0.4,0.5,1200,3,4,4.48
Medium,Balanced,0.6,0.4,0.6,1200,3,4,4.48
Medium,Balanced,0.6,0.4,0.7,1200,3,4,4.48
Medium,Balanced,0.6,0.4,0.8,1200,3,4,4.48
Medium,Balanced,0.6,0.4,0.9,1200,3,4,4.48
Medium,Balanced,0.6,0.5,0.1,1200,3,4,4.48
Medium,Balanced,0.6,0.5,0.2,1200,3,4,4.48
Medium,Balanced,0.6,0.5,0.3,1200,3,4,4.48
Medium,Balanced,0.6,0.5,0.4,1200,3,4,4.48
Medium,Balanced,0.6,0.5,0.5,1200,3,4,4.48
Medium,Balanced,0.6,0.5,0.6,1200,3,4,4.48
Medium,Balanced,0.6,0.5,0.7,1200,3,4,4.48
Medium,Balanced,0.6,0.5,0.8,1200,3,4,4.48
Medium,Balanced,0.6,0.5,0.9,1200,3,4,4.48
Medium,Balanced,0.6,0.6,0.1,1200,3,4,4.48
Medium,Balanced,0.6,0.6,0.2,1200,3,4,4.48
Medium,Balanced,0.6,0.6,0.3,1200,3,4,4.48
Medium,Balanced,0.6,0.6,0.4,1200,3,4,4.48
Medium,Balanced,0.6,0.6,0.5,1200,3,4,4.48
Medium,Balanced,0.6,0.6,0.6,1200,3,4,4.48
Medium,Balanced,0.6,0.6,0.7,1200,3,4,4.48
Medium,Balanced,0.6,0.6,0.8,1200,3,4,4.48
Medium,Balanced,0.6,0.6,0.9,1200,3,4,4.48
Medium,Balanced,0.6,0.7,0.1,1200,3,4,4.48
Medium,Balanced,0.6,0.7,0.2,1200,3,4,4.48
Medium,Balanced,0.6,0.7,0.3,1200,3,4,4.48
Medium,Balanced,0.6,0.7,0.4,1200,3,4,4.48
Medium,Balanced,0.6,0.7,0.5,1200,3,4,4.48
Medium,Balanced,0.6,0.7,0.6,1200,3,4,4.48
Medium,Balanced,0.6,0.7,0.7,1200,3,4,4.48
Medium,Balanced,0.6,0.7,0.8,1200,3,4,4.48
Medium,Balanced,0.6,0.7,0.9,1200,3,4,4.48
Medium,Balanced,0.6,0.8,0.1,1200,3,4,4.48
Medium,Balanced,0.6,0.8,0.2,1200,3,4,4.48
Medium,Balanced,0.6,0.8,0.3,1200,3,4,4.48
Medium,Balanced,0.6,0.8,0.4,1200,3,4,4.48
Medium,Balanced,0.6,0.8,0.5,1200,3,4,4.48
Medium,Balanced,0.6,0.8,0.6,1200,3,4,4.48
Medium,Balanced,0.6,0.8,0.7,1200,3,4,4.48
Medium,Balanced,0.6,0.8,0.8,1200,3,4,4.48
Medium,Balanced,0.6,0.8,0.9,1200,3,4,4.48
Medium,Balanced,0.6,0.9,0.1,1200,3,4,4.48
Medium,Balanced,0.6,0.9,0.2,1200,3,4,4.48
Medium,Balanced,0.6,0.9,0.3,1200,3,4,4.48
Medium,Balanced,0.6,0.9,0.4,1200,3,4,4.48
Medium,Balanced,0.6,0.9,0.5,1200,3,4,4.48
Medium,Balanced,0.6,0.9,0.6,1200,3,4,4.48
Medium,Balanced,0.6,0.9,0.7,1200,3,4,4.48
Medium,Balanced,0.6,0.9,0.8,1200,3,4,4.48
Medium,Balanced,0.6,0.9,0.9,1200,3,4,4.48
Medium,Balanced,0.7,0.1,0.1,1200,3,4,4.48
Medium,Balanced,0.7,0.1,0.2,1200,3,4,4.48
Medium,Balanced,0.7,0.1,0.3,1200,3,4,4.48
Medium,Balanced,0.7,0.1,0.4,1200,3,4,4.48
Medium,Balanced,0.7,0.1,0.5,1200,3,4,4.48
Medium,Balanced,0.7,0.1,0.6,1200,3,4,4.48
Medium,Balanced,0.7,0.1,0.7,1200,3,4,4.48
Medium,Balanced,0.7,0.1,0.8,1200,3,4,4.48
Medium,Balanced,0.7,0.1,0.9,1200,3,4,4.48
Medium,Balanced,0.7,0.2,0.1,1200,3,4,4.48
Medium,Balanced,0.7,0.2,0.2,1200,3,4,4.48
Medium,Balanced,0.7,0.2,0.3,1200,3,4,4.48
Medium,Balanced,0.7,0.2,0.4,1200,3,4,4.48
Medium,Balanced,0.7,0.2,0.5,1200,3,4,4.48
Medium,Balanced,0.7,0.2,0.6,1200,3,4,4.48
Medium,Balanced,0.7,0.2,0.7,1200,3,4,4.48
Medium,Balanced,0.7,0.2,0.8,1200,3,4,4.48
Medium,Balanced,0.7,0.2,0.9,1200,3,4,4.48
Medium,Balanced,0.7,0.3,0.1,1200,3,4,4.48
Medium,Balanced,0.7,0.3,0.2,1200,3,4,4.48
Medium,Balanced,0.7,0.3,0.3,1200,3,4,4.48
Medium,Balanced,0.7,0.3,0.4,1200,3,4,4.48
Medium,Balanced,0.7,0.3,0.5,1200,3,4,4.48
Medium,Balanced,0.7,0.3,0.6,1200,3,4,4.48
Medium,Balanced,0.7,0.3,0.7,1200,3,4,4.48
Medium,Balanced,0.7,0.3,0.8,1200,3,4,4.48
Medium,Balanced,0.7,0.3,0.9,1200,3,4,4.48
Medium,Balanced,0.7,0.4,0.1,1200,3,4,4.48
Medium,Balanced,0.7,0.4,0.2,1200,3,4,4.48
Medium,Balanced,0.7,0.4,0.3,1200,3,4,4.48
Medium,Balanced,0.7,0.4,0.4,1200,3,4,4.48
Medium,Balanced,0.7,0.4,0.5,1200,3,4,4.48
Medium,Balanced,0.7,0.4,0.6,1200,3,4,4.48
Medium,Balanced,0.7,0.4,0.7,1200,3,4,4.48
Medium,Balanced,0.7,0.4,0.8,1200,3,4,4.48
Medium,Balanced,0.7,0.4,0.9,1200,3,4,4.48
Medium,Balanced,0.7,0.5,0.1,1200,3,4,4.48
Medium,Balanced,0.7,0.5,0.2,1200,3,4,4.48
Medium,Balanced,0.7,0.5,0.3,1200,3,4,4.48
Medium,Balanced,0.7,0.5,0.4,1200,3,4,4.48
Medium,Balanced,0.7,0.5,0.5,1200,3,4,4.48
Medium,Balanced,0.7,0.5,0.6,1200,3,4,4.48
Medium,Balanced,0.7,0.5,0.7,1200,3,4,4.48
Medium,Balanced,0.7,0.5,0.8,1200,3,4,4.48
Medium,Balanced,0.7,0.5,0.9,1200,3,4,4.48
Medium,Balanced,0.7,0.6,0.1,1200,3,4,4.48
Medium,Balanced,0.7,0.6,0.2,1200,3,4,4.48
Medium,Balanced,0.7,0.6,0.3,1200,3,4,4.48
Medium,Balanced,0.7,0.6,0.4,1200,3,4,4.48
Medium,Balanced,0.7,0.6,0.5,1200,3,4,4.48
Medium,Balanced,0.7,0.6,0.6,1200,3,4,4.48
Medium,Balanced,0.7,0.6,0.7,1200,3,4,4.48
Medium,Balanced,0.7,0.6,0.8,1200,3,4,4.48
Medium,Balanced,0.7,0.6,0.9,1200,3,4,4.48
Medium,Balanced,0.7,0.7,0.1,1200,3,4,4.48
Medium,Balanced,0.7,0.7,0.2,1200,3,4,4.48
Medium,Balanced,0.7,0.7,0.3,1200,3,4,4.48
Medium,Balanced,0.7,0.7,0.4,1200,3,4,4.48
Medium,Balanced,0.7,0.7,0.5,1200,3,4,4.48
Medium,Balanced,0.7,0.7,0.6,1200,3,4,4.48
Medium,Balanced,0.7,0.7,0.7,1200,3,4,4.48
Medium,Balanced,0.7,0.7,0.8,1200,3,4,4.48
Medium,Balanced,0.7,0.7,0.9,1200,3,4,4.48
Medium,Balanced,0.7,0.8,0.1,1200,3,4,4.48
Medium,Balanced,0.7,0.8,0.2,1200,3,4,4.48
Medium,Balanced,0.7,0.8,0.3,1200,3,4,4.48
Medium,Balanced,0.7,0.8,0.4,1200,3,4,4.48
Medium,Balanced,0.7,0.8,0.5,1200,3,4,4.48
Medium,Balanced,0.7,0.8,0.6,1200,3,4,4.48
Medium,Balanced,0.7,0.8,0.7,1200,3,4,4.48
Medium,Balanced,0.7,0.8,0.8,1200,3,4,4.48
Medium,Balanced,0.7,0.8,0.9,1200,3,4,4.48
Medium,Balanced,0.7,0.9,0.1,1200,3,4,4.48
Medium,Balanced,0.7,0.9,0.2,1200,3,4,4.48
Medium,Balanced,0.7,0.9,0.3,1200,3,4,4.48
Medium,Balanced,0.7,0.9,0.4,1200,3,4,4.48
Medium,Balanced,0.7,0.9,0.5,1200,3,4,4.48
Medium,Balanced,0.7,0.9,0.6,1200,3,4,4.48
Medium,Balanced,0.7,0.9,0.7,1200,3,4,4.48
Medium,Balanced,0.7,0.9,0.8,1200,3,4,4.48
Medium,Balanced,0.7,0.9,0.9,1200,3,4,4.48
Medium,Balanced,0.8,0.1,0.1,1200,3,4,4.48
Medium,Balanced,0.8,0.1,0.2,1200,3,4,4.48
Medium,Balanced,0.8,0.1,0.3,1200,3,4,4.48
Medium,Balanced,0.8,0.1,0.4,1200,3,4,4.48
Medium,Balanced,0.8,0.1,0.5,1200,3,4,4.48
Medium,Balanced,0.8,0.1,0.6,1200,3,4,4.48
Medium,Balanced,0.8,0.1,0.7,1200,3,4,4.48
Medium,Balanced,0.8,0.1,0.8,1200,3,4,4.48
Medium,Balanced,0.8,0.1,0.9,1200,3,4,4.48
Medium,Balanced,0.8,0.2,0.1,1200,3,4,4.48
Medium,Balanced,0.8,0.2,0.2,1200,3,4,4.48
Medium,Balanced,0.8,0.2,0.3,1200,3,4,4.48
Medium,Balanced,0.8,0.2,0.4,1200,3,4,4.48
Medium,Balanced,0.8,0.2,0.5,1200,3,4,4.48
Medium,Balanced,0.8,0.2,0.6,1200,3,4,4.48
Medium,Balanced,0.8,0.2,0.7,1200,3,4,4.48
Medium,Balanced,0.8,0.2,0.8,1200,3,4,4.48
Medium,Balanced,0.8,0.2,0.9,1200,3,4,4.48
Medium,Balanced,0.8,0.3,0.1,1200,3,4,4.48
Medium,Balanced,0.8,0.3,0.2,1200,3,4,4.48
Medium,Balanced,0.8,0.3,0.3,1200,3,4,4.48
Medium,Balanced,0.8,0.3,0.4,1200,3,4,4.48
Medium,Balanced,0.8,0.3,0.5,1200,3,4,4.48
Medium,Balanced,0.8,0.3,0.6,1200,3,4,4.48
Medium,Balanced,0.8,0.3,0.7,1200,3,4,4.48
Medium,Balanced,0.8,0.3,0.8,1200,3,4,4.48
Medium,Balanced,0.8,0.3,0.9,1200,3,4,4.48
Medium,Balanced,0.8,0.4,0.1,1200,3,4,4.48
Medium,Balanced,0.8,0.4,0.2,1200,3,4,4.48
Medium,Balanced,0.8,0.4,0.3,1200,3,4,4.48
Medium,Balanced,0.8,0.4,0.4,1200,3,4,4.48
Medium,Balanced,0.8,0.4,0.5,1200,3,4,4.48
Medium,Balanced,0.8,0.4,0.6,1200,3,4,4.48
Medium,Balanced,0.8,0.4,0.7,1200,3,4,4.48
Medium,Balanced,0.8,0.4,0.8,1200,3,4,4.48
Medium,Balanced,0.8,0.4,0.9,1200,3,4,4.48
Medium,Balanced,0.8,0.5,0.1,1200,3,4,4.48
Medium,Balanced,0.8,0.5,0.2,1200,3,4,4.48
Medium,Balanced,0.8,0.5,0.3,1200,3,4,4.48
Medium,Balanced,0.8,0.5,0.4,1200,3,4,4.48
Medium,Balanced,0.8,0.5,0.5,1200,3,4,4.48
Medium,Balanced,0.8,0.5,0.6,1200,3,4,4.48
Medium,Balanced,0.8,0.5,0.7,1200,3,4,4.48
Medium,Balanced,0.8,0.5,0.8,1200,3,4,4.48
Medium,Balanced,0.8,0.5,0.9,1200,3,4,4.48
Medium,Balanced,0.8,0.6,0.1,1200,3,4,4.48
Medium,Balanced,0.8,0.6,0.2,1200,3,4,4.48
Medium,Balanced,0.8,0.6,0.3,1200,3,4,4.48
Medium,Balanced,0.8,0.6,0.4,1200,3,4,4.48
Medium,Balanced,0.8,0.6,0.5,1200,3,4,4.48
Medium,Balanced,0.8,0.6,0.6,1200,3,4,4.48
Medium,Balanced,0.8,0.6,0.7,1200,3,4,4.48
Medium,Balanced,0.8,0.6,0.8,1200,3,4,4.48
Medium,Balanced,0.8,0.6,0.9,1200,3,4,4.48
Medium,Balanced,0.8,0.7,0.1,1200,3,4,4.48
Medium,Balanced,0.8,0.7,0.2,1200,3,4,4.48
Medium,Balanced,0.8,0.7,0.3,1200,3,4,4.48
Medium,Balanced,0.8,0.7,0.4,1200,3,4,4.48
Medium,Balanced,0.8,0.7,0.5,1200,3,4,4.48
Medium,Balanced,0.8,0.7,0.6,1200,3,4,4.48
Medium,Balanced,0.8,0.7,0.7,1200,3,4,4.48
Medium,Balanced,0.8,0.7,0.8,1200,3,4,4.48
Medium,Balanced,0.8,0.7,0.9,1200,3,4,4.48
Medium,Balanced,0.8,0.8,0.1,1200,3,4,4.48
Medium,Balanced,0.8,0.8,0.2,1200,3,4,4.48
Medium,Balanced,0.8,0.8,0.3,1200,3,4,4.48
Medium,Balanced,0.8,0.8,0.4,1200,3,4,4.48
Medium,Balanced,0.8,0.8,0.5,1200,3,4,4.48
Medium,Balanced,0.8,0.8,0.6,1200,3,4,4.48
Medium,Balanced,0.8,0.8,0.7,1200,3,4,4.48
Medium,Balanced,0.8,0.8,0.8,1200,3,4,4.48
Medium,Balanced,0.8,0.8,0.9,1200,3,4,4.48
Medium,Balanced,0.8,0.9,0.1,1200,3,4,4.48
Medium,Balanced,0.8,0.9,0.2,1200,3,4,4.48
Medium,Balanced,0.8,0.9,0.3,1200,3,4,4.48
Medium,Balanced,0.8,0.9,0.4,1200,3,4,4.48
Medium,Balanced,0.8,0.9,0.5,1200,3,4,4.48
Medium,Balanced,0.8,0.9,0.6,1200,3,4,4.48
Medium,Balanced,0.8,0.9,0.7,1200,3,4,4.48
Medium,Balanced,0.8,0.9,0.8,1200,3,4,4.48
Medium,Balanced,0.8,0.9,0.9,1200,3,4,4.48
Medium,Balanced,0.9,0.1,0.1,1200,3,4,4.48
Medium,Balanced,0.9,0.1,0.2,1200,3,4,4.48
Medium,Balanced,0.9,0.1,0.3,1200,3,4,4.48
Medium,Balanced,0.9,0.1,0.4,1200,3,4,4.48
Medium,Balanced,0.9,0.1,0.5,1200,3,4,4.48
Medium,Balanced,0.9,0.1,0.6,1200,3,4,4.48
Medium,Balanced,0.9,0.1,0.7,1200,3,4,4.48
Medium,Balanced,0.9,0.1,0.8,1200,3,4,4.48
Medium,Balanced,0.9,0.1,0.9,1200,3,4,4.48
Medium,Balanced,0.9,0.2,0.1,1200,3,4,4.48
Medium,Balanced,0.9,0.2,0.2,1200,3,4,4.48
Medium,Balanced,0.9,0.2,0.3,1200,3,4,4.48
Medium,Balanced,0.9,0.2,0.4,1200,3,4,4.48
Medium,Balanced,0.9,0.2,0.5,1200,3,4,4.48
Medium,Balanced,0.9,0.2,0.6,1200,3,4,4.48
Medium,Balanced,0.9,0.2,0.7,1200,3,4,4.48
Medium,Balanced,0.9,0.2,0.8,1200,3,4,4.48
Medium,Balanced,0.9,0.2,0.9,1200,3,4,4.48
Medium,Balanced,0.9,0.3,0.1,1200,3,4,4.48
Medium,Balanced,0.9,0.3,0.2,1200,3,4,4.48
Medium,Balanced,0.9,0.3,0.3,1200,3,4,4.48
Medium,Balanced,0.9,0.3,0.4,1200,3,4,4.48
Medium,Balanced,0.9,0.3,0.5,1200,3,4,4.48
Medium,Balanced,0.9,0.3,0.6,1200,3,4,4.48
Medium,Balanced,0.9,0.3,0.7,1200,3,4,4.48
Medium,Balanced,0.9,0.3,0.8,1200,3,4,4.48
Medium,Balanced,0.9,0.3,0.9,1200,3,4,4.48
Medium,Balanced,0.9,0.4,0.1,1200,3,4,4.48
Medium,Balanced,0.9,0.4,0.2,1200,3,4,4.48
Medium,Balanced,0.9,0.4,0.3,1200,3,4,4.48
Medium,Balanced,0.9,0.4,0.4,1200,3,4,4.48
Medium,Balanced,0.9,0.4,0.5,1200,3,4,4.48
Medium,Balanced,0.9,0.4,0.6,1200,3,4,4.48
Medium,Balanced,0.9,0.4,0.7,1200,3,4,4.48
Medium,Balanced,0.9,0.4,0.8,1200,3,4,4.48
Medium,Balanced,0.9,0.4,0.9,1200,3,4,4.48
Medium,Balanced,0.9,0.5,0.1,1200,3,4,4.48
Medium,Balanced,0.9,0.5,0.2,1200,3,4,4.48
Medium,Balanced,0.9,0.5,0.3,1200,3,4,4.48
Medium,Balanced,0.9,0.5,0.4,1200,3,4,4.48
Medium,Balanced,0.9,0.5,0.5,1200,3,4,4.48
Medium,Balanced,0.9,0.5,0.6,1200,3,4,4.48
Medium,Balanced,0.9,0.5,0.7,1200,3,4,4.48
Medium,Balanced,0.9,0.5,0.8,1200,3,4,4.48
Medium,Balanced,0.9,0.5,0.9,1200,3,4,4.48
Medium,Balanced,0.9,0.6,0.1,1200,3,4,4.48
Medium,Balanced,0.9,0.6,0.2,1200,3,4,4.48
Medium,Balanced,0.9,0.6,0.3,1200,3,4,4.48
Medium,Balanced,0.9,0.6,0.4,1200,3,4,4.48
Medium,Balanced,0.9,0.6,0.5,1200,3,4,4.48
Medium,Balanced,0.9,0.6,0.6,1200,3,4,4.48
Medium,Balanced,0.9,0.6,0.7,1200,3,4,4.48
Medium,Balanced,0.9,0.6,0.8,1200,3,4,4.48
Medium,Balanced,0.9,0.6,0.9,1200,3,4,4.48
Medium,Balanced,0.9,0.7,0.1,1200,3,4,4.48
Medium,Balanced,0.9,0.7,0.2,1200,3,4,4.48
Medium,Balanced,0.9,0.7,0.3,1200,3,4,4.48
Medium,Balanced,0.9,0.7,0.4,1200,3,4,4.48
Medium,Balanced,0.9,0.7,0.5,1200,3,4,4.48
Medium,Balanced,0.9,0.7,0.6,1200,3,4,4.48
Medium,Balanced,0.9,0.7,0.7,1200,3,4,4.48
Medium,Balanced,0.9,0.7,0.8,1200,3,4,4.48
Medium,Balanced,0.9,0.7,0.9,1200,3,4,4.48
Medium,Balanced,0.9,0.8,0.1,1200,3,4,4.48
Medium,Balanced,0.9,0.8,0.2,1200,3,4,4.48
Medium,Balanced,0.9,0.8,0.3,1200,3,4,4.48
Medium,Balanced,0.9,0.8,0.4,1200,3,4,4.48
Medium,Balanced,0.9,0.8,0.5,1200,3,4,4.48
Medium,Balanced,0.9,0.8,0.6,1200,3,4,4.48
Medium,Balanced,0.9,0.8,0.7,1200,3,4,4.48
Medium,Balanced,0.9,0.8,0.8,1200,3,4,4.48
Medium,Balanced,0.9,0.8,0.9,1200,3,4,4.48
Medium,Balanced,0.9,0.9,0.1,1200,3,4,4.48
Medium,Balanced,0.9,0.9,0.2,1200,3,4,4.48
Medium,Balanced,0.9,0.9,0.3,1200,3,4,4.48
Medium,Balanced,0.9,0.9,0.4,1200,3,4,4.48
Medium,Balanced,0.9,0.9,0.5,1200,3,4,4.48
Medium,Balanced,0.9,0.9,0.6,1200,3,4,4.48
Medium,Balanced,0.9,0.9,0.7,1200,3,4,4.48
Medium,Balanced,0.9,0.9,0.8,1200,3,4,4.48
Medium,Balanced,0.9,0.9,0.9,1200,3,4,4.48
Medium,Balanced,1.0,0.0,0.0,1200,4,4,4.46
Medium,Balanced,0.0,1.0,0.0,1200,3,5,4.38
Medium,Balanced,0.0,0.0,1.0,1200,47,7,25.33
High,Balanced,0.1,0.1,0.1,2400,101,7,9.15
High,Balanced,0.1,0.1,0.2,2400,101,7,9.15
High,Balanced,0.1,0.1,0.3,2400,101,7,9.15
High,Balanced,0.1,0.1,0.4,2400,101,7,9.15
High,Balanced,0.1,0.1,0.5,2400,101,7,9.15
High,Balanced,0.1,0.1,0.6,2400,101,7,9.15
High,Balanced,0.1,0.1,0.7,2400,101,7,9.15
High,Balanced,0.1,0.1,0.8,2400,101,7,9.15
High,Balanced,0.1,0.1,0.9,2400,101,7,9.15
High,Balanced,0.1,0.2,0.1,2400,101,7,9.15
High,Balanced,0.1,0.2,0.2,2400,101,7,9.15
High,Balanced,0.1,0.2,0.3,2400,101,7,9.15
High,Balanced,0.1,0.2,0.4,2400,101,7,9.15
High,Balanced,0.1,0.2,0.5,2400,101,7,9.15
High,Balanced,0.1,0.2,0.6,2400,101,7,9.15
High,Balanced,0.1,0.2,0.7,2400,101,7,9.15
High,Balanced,0.1,0.2,0.8,2400,101,7,9.15
High,Balanced,0.1,0.2,0.9,2400,101,7,9.15
High,Balanced,0.1,0.3,0.1,2400,101,7,9.15
High,Balanced,0.1,0.3,0.2,2400,101,7,9.15
High,Balanced,0.1,0.3,0.3,2400,101,7,9.15
High,Balanced,0.1,0.3,0.4,2400,101,7,9.15
High,Balanced,0.1,0.3,0.5,2400,101,7,9.15
High,Balanced,0.1,0.3,0.6,2400,101,7,9.15
High,Balanced,0.1,0.3,0.7,2400,101,7,9.15
High,Balanced,0.1,0.3,0.8,2400,101,7,9.15
High,Balanced,0.1,0.3,0.9,2400,101,7,9.15
High,Balanced,0.1,0.4,0.1,2400,101,7,9.15
High,Balanced,0.1,0.4,0.2,2400,101,7,9.15
High,Balanced,0.1,0.4,0.3,2400,101,7,9.15
High,Balanced,0.1,0.4,0.4,2400,101,7,9.15
High,Balanced,0.1,0.4,0.5,2400,101,7,9.15
High,Balanced,0.1,0.4,0.6,2400,101,7,9.15
High,Balanced,0.1,0.4,0.7,2400,101,7,9.15
High,Balanced,0.1,0.4,0.8,2400,101,7,9.15
High,Balanced,0.1,0.4,0.9,2400,101,7,9.15
High,Balanced,0.1,0.5,0.1,2400,101,7,9.15
High,Balanced,0.1,0.5,0.2,2400,101,7,9.15
High,Balanced,0.1,0.5,0.3,2400,101,7,9.15
High,Balanced,0.1,0.5,0.4,2400,101,7,9.15
High,Balanced,0.1,0.5,0.5,2400,101,7,9.15
High,Balanced,0.1,0.5,0.6,2400,101,7,9.15
High,Balanced,0.1,0.5,0.7,2400,101,7,9.15
High,Balanced,0.1,0.5,0.8,2400,101,7,9.15
High,Balanced,0.1,0.5,0.9,2400,101,7,9.15
High,Balanced,0.1,0.6,0.1,2400,101,7,9.15
High,Balanced,0.1,0.6,0.2,2400,101,7,9.15
